code,d0,d1,nav0,nav1,actual_ratio,excluded,res_bp_L0_FX_T,res_bp_L0_FX_T+1,res_bp_L1_FX_T,res_bp_L1_FX_T+1,res_bp_L0_NOFX
513100,2025-01-02,2025-01-03,1.513,1.539,1.01718440,,4.788,4.927,,,4.649
513100,2025-01-03,2025-01-06,1.539,1.555,1.01039636,,-5.114,-5.809,-61.840,-62.531,-5.392
513100,2025-01-06,2025-01-07,1.555,1.528,0.98263666,,5.304,4.608,-280.391,-281.067,5.722
513100,2025-01-07,2025-01-08,1.528,1.528,1.00000000,,-4.852,-3.600,181.391,182.666,-3.739
513100,2025-01-08,2025-01-09,1.528,1.528,1.00000000,,0.139,-0.695,0.139,-0.695,0.000
513100,2025-01-09,2025-01-10,1.528,1.504,0.98429319,,-0.362,1.168,-161.433,-159.927,0.333
513100,2025-01-10,2025-01-13,1.504,1.5,0.99734043,,4.402,4.541,133.738,133.879,3.567
513100,2025-01-13,2025-01-14,1.5,1.498,0.99866667,,0.780,-0.890,17.845,16.173,-0.194
513100,2025-01-14,2025-01-15,1.498,1.532,1.02269693,,-5.079,-4.106,239.712,240.710,-4.384
513100,2025-01-15,2025-01-16,1.532,1.521,0.99281984,,-2.515,-3.906,-296.126,-297.476,-2.793
513100,2025-01-16,2025-01-17,1.521,1.547,1.01709402,,3.846,5.377,240.496,242.063,4.960
513100,2025-01-17,2025-01-20,1.547,1.547,1.00000000,,0.417,25.522,0.417,25.522,0.000
513100,2025-01-20,2025-01-21,1.547,1.552,1.00323206,,-0.539,-25.021,-106.211,-130.434,-25.994
513100,2025-01-21,2025-01-22,1.552,1.572,1.01288660,,-2.946,-5.595,70.973,68.305,-3.922
513100,2025-01-22,2025-01-23,1.572,1.576,1.00254453,,1.831,3.923,-107.643,-105.573,3.505
513100,2025-01-23,2025-01-24,1.576,1.567,0.99428934,,1.269,1.827,-78.451,-77.898,0.850
513100,2025-01-24,2025-01-27,1.567,1.52,0.97000638,,-2.030,-2.309,-242.442,-242.714,-3.006
513100,2025-01-27,2025-02-05,1.52,1.558,1.02500000,,-0.548,-0.967,349.144,348.711,-1.246
513100,2025-02-05,2025-02-06,1.558,1.566,1.00513479,,-1.880,-3.274,9.283,7.887,-2.159
513100,2025-02-06,2025-02-07,1.566,1.546,0.98722861,,1.059,1.059,-181.363,-181.363,2.175
513100,2025-02-07,2025-02-10,1.546,1.565,1.01228978,,-1.712,-1.851,254.940,254.797,-0.596
513100,2025-02-10,2025-02-11,1.565,1.561,0.99744409,,2.249,4.341,-148.478,-146.417,3.504
513100,2025-02-11,2025-02-12,1.561,1.562,1.00064061,,-4.616,-6.707,36.402,34.303,-5.453
513100,2025-02-12,2025-02-13,1.562,1.585,1.01472471,,2.539,5.608,133.950,137.059,3.795
513100,2025-02-13,2025-02-14,1.585,1.591,1.00378549,,1.549,0.294,-102.257,-103.499,-0.264
513100,2025-02-14,2025-02-17,1.591,1.59,0.99937146,,-5.728,-5.588,-5.728,-5.588,-6.285
513100,2025-02-17,2025-02-18,1.59,1.594,1.00251572,,3.276,1.462,-12.217,-14.027,2.578
513100,2025-02-18,2025-02-19,1.594,1.595,1.00062735,,0.199,0.338,-17.377,-17.238,1.315
513100,2025-02-19,2025-02-20,1.595,1.587,0.99498433,,-2.646,0.561,-56.059,-52.868,-1.670
513100,2025-02-20,2025-02-21,1.587,1.554,0.97920605,,-0.037,-5.196,-158.026,-163.103,-2.268
513100,2025-02-21,2025-02-24,1.554,1.536,0.98841699,,2.523,4.198,88.821,90.510,5.453
513100,2025-02-24,2025-02-25,1.536,1.517,0.98763021,,-0.918,-0.500,-3.766,-3.347,0.336
513100,2025-02-25,2025-02-26,1.517,1.521,1.00263678,,3.863,3.584,151.438,151.155,4.700
513100,2025-02-26,2025-02-27,1.521,1.479,0.97238659,,-1.885,-0.491,-298.230,-296.878,-0.770
513100,2025-02-27,2025-02-28,1.479,1.503,1.01622718,,0.290,-0.964,450.342,449.031,0.011
513100,2025-02-28,2025-03-03,1.503,1.47,0.97804391,,-0.834,0.978,-376.664,-374.920,0.142
513100,2025-03-03,2025-03-04,1.47,1.465,0.99659864,,2.593,5.243,190.710,193.410,1.757
513100,2025-03-04,2025-03-05,1.465,1.484,1.01296928,,-2.320,-2.737,169.595,169.170,-5.804
513100,2025-03-05,2025-03-06,1.484,1.442,0.97169811,,-0.919,-5.799,-410.053,-414.733,-3.987
513100,2025-03-06,2025-03-07,1.442,1.453,1.00762829,,0.279,-1.812,363.754,361.587,2.093
513100,2025-03-07,2025-03-10,1.453,1.399,0.96283551,,6.204,8.995,-446.268,-443.603,10.111
513100,2025-03-10,2025-03-11,1.399,1.395,0.99714081,,-1.924,5.467,365.610,373.272,-0.809
513100,2025-03-11,2025-03-12,1.395,1.41,1.01075269,,0.810,-9.922,142.051,131.168,-5.463
513100,2025-03-12,2025-03-13,1.41,1.384,0.98156028,,0.319,3.388,-298.454,-295.477,4.783
513100,2025-03-13,2025-03-14,1.384,1.418,1.02456647,,-4.874,3.492,441.678,450.417,-3.480
513100,2025-03-14,2025-03-17,1.418,1.425,1.00493653,,1.758,-11.483,-188.168,-201.157,-5.213
513100,2025-03-17,2025-03-18,1.425,1.402,0.98385965,,-1.604,9.696,-220.975,-209.924,4.672
513100,2025-03-18,2025-03-19,1.402,1.42,1.01283880,,3.421,-9.542,304.527,291.174,-1.600
513100,2025-03-19,2025-03-20,1.42,1.417,0.99788732,,0.868,7.982,-157.021,-150.019,8.819
513100,2025-03-20,2025-03-21,1.417,1.422,1.00352858,,-4.342,-6.291,64.559,62.596,-3.506
513100,2025-03-21,2025-03-24,1.422,1.453,1.02180028,,-0.719,0.953,175.669,177.370,2.067
513100,2025-03-24,2025-03-25,1.453,1.461,1.00550585,,0.719,6.573,-158.530,-152.770,1.834
513100,2025-03-25,2025-03-26,1.461,1.434,0.98151951,,2.684,-3.307,-232.134,-237.984,-2.053
513100,2025-03-26,2025-03-27,1.434,1.425,0.99372385,,-4.603,-1.817,120.993,123.815,-3.350
513100,2025-03-27,2025-03-28,1.425,1.388,0.97403509,,3.167,-2.546,-199.912,-205.510,1.634
513100,2025-03-28,2025-03-31,1.388,1.388,1.00000000,,-2.650,2.506,263.957,269.250,1.530
513100,2025-03-31,2025-04-01,1.388,1.399,1.00792507,,-1.694,-5.175,81.776,78.266,-2.669
513100,2025-04-01,2025-04-02,1.399,1.41,1.00786276,,1.303,-9.547,-5.793,-16.636,3.812
513100,2025-04-02,2025-04-03,1.41,1.336,0.94751773,,4.226,4.939,-607.718,-607.049,17.603
513100,2025-04-03,2025-04-07,1.336,1.259,0.94236527,,0.719,5.316,593.280,598.150,13.378
513100,2025-04-07,2025-04-08,1.259,1.235,0.98093725,,-3.372,0.796,-217.076,-212.997,4.683
513100,2025-04-08,2025-04-09,1.235,1.383,1.11983806,,-7.321,-7.042,1416.909,1417.228,-3.437
513100,2025-04-09,2025-04-10,1.383,1.326,0.95878525,,3.168,7.471,-1444.209,-1440.528,6.777
513100,2025-04-10,2025-04-11,1.326,1.351,1.01885370,,0.353,-3.530,634.445,630.315,-0.340
513100,2025-04-11,2025-04-14,1.351,1.359,1.00592154,,-0.688,4.445,-130.413,-125.347,2.503
513100,2025-04-14,2025-04-15,1.359,1.361,1.00147167,,-1.536,-8.605,-39.811,-46.853,-3.478
513100,2025-04-15,2025-04-16,1.361,1.32,0.96987509,,-2.211,9.581,-323.835,-312.423,2.920
513100,2025-04-16,2025-04-17,1.32,1.32,1.00000000,,6.412,1.974,320.484,315.906,-0.246
513100,2025-04-17,2025-04-18,1.32,1.319,0.99924242,,-5.357,-5.634,-5.357,-5.634,-7.576
513100,2025-04-18,2025-04-21,1.319,1.287,0.97573920,,5.781,1.200,-240.953,-245.421,3.838
513100,2025-04-21,2025-04-22,1.287,1.321,1.02641803,,-1.351,-4.539,520.652,517.297,1.286
513100,2025-04-22,2025-04-23,1.321,1.351,1.02271007,,-6.782,1.538,-40.648,-32.356,-0.958
513100,2025-04-23,2025-04-24,1.351,1.388,1.02738712,,-2.285,-0.342,47.277,49.229,-4.780
513100,2025-04-24,2025-04-25,1.388,1.404,1.01152738,,6.156,4.908,-154.707,-155.935,1.714
513100,2025-04-25,2025-04-28,1.404,1.403,0.99928775,,-1.221,-2.469,-116.153,-117.387,-4.412
513100,2025-04-28,2025-04-29,1.403,1.411,1.00570207,,-1.579,-1.440,61.704,61.844,-3.522
513100,2025-04-29,2025-04-30,1.411,1.412,1.00070872,,-4.161,-5.410,-51.083,-52.326,-6.243
513100,2025-04-30,2025-05-06,1.412,1.428,1.01133144,,1.565,1.148,-100.096,-100.508,0.732
513100,2025-05-06,2025-05-07,1.428,1.433,1.00350140,,-3.274,-13.122,124.979,115.005,-3.691
513100,2025-05-07,2025-05-08,1.433,1.449,1.01116539,,3.628,10.020,63.150,69.580,13.075
513100,2025-05-08,2025-05-09,1.449,1.449,1.00000000,,-1.995,5.081,-100.512,-93.505,1.057
513100,2025-05-09,2025-05-12,1.449,1.507,1.04002761,,2.256,8.649,405.561,412.211,-1.767
513100,2025-05-12,2025-05-13,1.507,1.529,1.01459854,,-1.343,-6.891,-236.066,-241.484,-11.749
513100,2025-05-13,2025-05-14,1.529,1.537,1.00523218,,-0.110,-5.944,-99.143,-104.919,-4.972
513100,2025-05-14,2025-05-15,1.537,1.538,1.00065062,,-2.257,2.191,-51.494,-47.069,-1.284
513100,2025-05-15,2025-05-16,1.538,1.545,1.00455137,,5.803,5.387,41.182,40.764,2.327
513100,2025-05-16,2025-05-19,1.545,1.546,1.00064725,,0.615,-4.528,-33.498,-38.624,-2.444
513100,2025-05-19,2025-05-20,1.546,1.54,0.99611902,,-3.749,-2.498,-49.761,-48.516,-1.664
513100,2025-05-20,2025-05-21,1.54,1.52,0.98701299,,3.678,9.243,-93.890,-88.379,4.512
513100,2025-05-21,2025-05-22,1.52,1.521,1.00065789,,-3.916,-10.863,147.615,140.562,-8.640
513100,2025-05-22,2025-05-23,1.521,1.507,0.99079553,,-1.034,13.165,-109.315,-95.270,1.191
513100,2025-05-23,2025-05-26,1.507,1.506,0.99933643,,5.329,-12.614,5.329,-12.614,-6.636
513100,2025-05-26,2025-05-27,1.506,1.542,1.02390438,,-5.686,-2.207,329.212,332.807,0.297
513100,2025-05-27,2025-05-28,1.542,1.536,0.99610895,,3.824,4.520,-273.612,-272.935,6.329
513100,2025-05-28,2025-05-29,1.536,1.539,1.00195312,,-3.747,6.271,63.217,73.302,-1.939
513100,2025-05-29,2025-05-30,1.539,1.536,0.99805068,,-0.551,-11.675,-32.702,-43.790,-8.756
513100,2025-05-30,2025-06-03,1.536,1.56,1.01562500,,2.553,3.110,92.906,93.469,5.476
513100,2025-06-03,2025-06-04,1.56,1.564,1.00256410,,-4.111,1.175,-55.773,-50.514,-1.747
513100,2025-06-04,2025-06-05,1.564,1.551,0.99168798,,0.108,-0.031,-107.321,-107.458,-2.814
513100,2025-06-05,2025-06-06,1.551,1.566,1.00967118,,0.039,-4.135,181.308,177.058,-2.744
513100,2025-06-06,2025-06-09,1.566,1.569,1.00191571,,1.181,4.662,-80.915,-77.463,2.573
513100,2025-06-09,2025-06-10,1.569,1.579,1.00637349,,-0.247,1.146,49.175,50.575,-2.334
513100,2025-06-10,2025-06-11,1.579,1.573,0.99620013,,2.449,0.639,-99.955,-101.746,-1.032
513100,2025-06-11,2025-06-12,1.573,1.576,1.00190718,,-3.271,-0.624,57.931,60.594,-4.941
513100,2025-06-12,2025-06-13,1.576,1.555,0.98667513,,-0.173,-6.857,-152.645,-159.227,-4.490
513100,2025-06-13,2025-06-16,1.555,1.578,1.01479100,,3.745,12.112,277.903,286.499,6.115
513100,2025-06-16,2025-06-17,1.578,1.561,0.98922687,,-2.228,-10.305,-240.108,-247.993,-8.217
513100,2025-06-17,2025-06-18,1.561,1.561,1.00000000,,-2.371,4.180,98.487,105.104,-0.281
513100,2025-06-18,2025-06-19,1.561,1.561,1.00000000,,4.461,4.742,4.461,4.742,0.000
513100,2025-06-19,2025-06-20,1.561,1.553,0.99487508,,-3.590,-10.419,-46.811,-53.610,-8.329
513100,2025-06-20,2025-06-23,1.553,1.57,1.01094656,,1.016,10.647,150.956,160.731,3.109
513100,2025-06-23,2025-06-24,1.57,1.593,1.01464968,,1.221,-7.983,47.316,38.069,-6.310
513100,2025-06-24,2025-06-25,1.593,1.596,1.00188324,,-4.116,4.259,-133.704,-125.438,-2.442
513100,2025-06-25,2025-06-26,1.596,1.61,1.00877193,,0.246,-7.428,73.045,65.315,-6.452
513100,2025-06-26,2025-06-27,1.61,1.617,1.00434783,,3.765,10.473,-51.252,-44.581,4.743
513100,2025-06-27,2025-06-30,1.617,1.626,1.00556586,,-2.826,-1.286,22.613,24.157,-8.549
513100,2025-06-30,2025-07-01,1.626,1.611,0.99077491,,3.554,-5.390,-148.358,-157.165,-3.713
513100,2025-07-01,2025-07-02,1.611,1.623,1.00744879,,-0.050,4.844,162.811,167.785,1.627
513100,2025-07-02,2025-07-03,1.623,1.638,1.00924214,,-3.705,-8.595,22.653,17.751,-6.918
513100,2025-07-03,2025-07-04,1.638,1.638,1.00000000,,-1.678,4.056,-1.678,4.056,0.000
513100,2025-07-04,2025-07-07,1.638,1.625,0.99206349,,4.019,-3.951,-173.030,-180.859,-0.037
513100,2025-07-07,2025-07-08,1.625,1.626,1.00061538,,-5.112,-2.176,82.218,85.179,-1.198
513100,2025-07-08,2025-07-09,1.626,1.638,1.00738007,,1.157,6.472,65.414,70.763,2.136
513100,2025-07-09,2025-07-10,1.638,1.635,0.99816850,,1.606,2.168,-85.028,-84.471,-2.728
513100,2025-07-10,2025-07-11,1.635,1.631,0.99755352,,1.738,-5.394,-3.995,-11.123,-3.157
513100,2025-07-11,2025-07-14,1.631,1.636,1.00306560,,-4.510,-3.251,49.832,51.098,-2.272
513100,2025-07-14,2025-07-15,1.636,1.638,1.00122249,,-1.424,-4.360,-21.620,-24.550,-0.445
513100,2025-07-15,2025-07-16,1.638,1.641,1.00183150,,4.172,17.194,1.720,14.738,8.090
513100,2025-07-16,2025-07-17,1.641,1.651,1.00609385,,-5.424,-19.674,59.812,45.469,-14.506
513100,2025-07-17,2025-07-18,1.651,1.651,1.00000000,,1.576,3.397,-80.124,-78.318,6.755
513100,2025-07-18,2025-07-21,1.651,1.66,1.00545124,,1.451,13.489,57.928,70.033,4.808
513100,2025-07-21,2025-07-22,1.66,1.65,0.99397590,,-1.374,-3.606,-100.797,-103.007,-10.041
513100,2025-07-22,2025-07-23,1.65,1.656,1.00363636,,-0.023,-2.400,93.549,91.149,-6.460
513100,2025-07-23,2025-07-24,1.656,1.659,1.00181159,,-2.611,-11.428,-20.577,-29.379,-6.671
513100,2025-07-24,2025-07-25,1.659,1.664,1.00301386,,2.795,0.838,0.559,-1.398,7.559
513100,2025-07-25,2025-07-28,1.664,1.671,1.00420673,,-0.778,-0.214,12.731,13.296,5.943
513100,2025-07-28,2025-07-29,1.671,1.668,0.99820467,,-3.564,12.391,-59.982,-44.116,2.590
513100,2025-07-29,2025-07-30,1.668,1.669,1.00059952,,-0.122,-17.316,36.413,19.155,-9.910
513100,2025-07-30,2025-07-31,1.669,1.662,0.99580587,,5.230,12.372,-65.141,-58.049,12.652
513100,2025-07-31,2025-08-01,1.662,1.629,0.98014440,,-3.003,11.419,-145.097,-130.879,-2.724
513100,2025-08-01,2025-08-04,1.629,1.657,1.01718846,,-0.551,-10.619,389.796,379.334,-14.677
513100,2025-08-04,2025-08-05,1.657,1.644,0.99215450,,-1.098,-11.178,-256.467,-266.290,-5.159
513100,2025-08-05,2025-08-06,1.644,1.666,1.01338200,,-1.069,13.931,202.536,217.841,4.956
513100,2025-08-06,2025-08-07,1.666,1.67,1.00240096,,1.049,-13.094,-94.581,-108.588,-7.914
513100,2025-08-07,2025-08-08,1.67,1.687,1.01017964,,1.741,3.704,64.405,66.381,6.928
513100,2025-08-08,2025-08-11,1.687,1.681,0.99644339,,-2.939,-1.538,-132.324,-130.942,0.282
513100,2025-08-11,2025-08-12,1.681,1.704,1.01368233,,2.092,13.448,171.440,182.987,3.913
513100,2025-08-12,2025-08-13,1.704,1.703,0.99941315,,-0.471,-8.172,-127.508,-135.110,-9.992
513100,2025-08-13,2025-08-14,1.703,1.702,0.99941280,,2.912,-3.675,-8.175,-14.755,1.089
513100,2025-08-14,2025-08-15,1.702,1.694,0.99529965,,-1.244,10.394,-44.816,-33.228,3.521
513100,2025-08-15,2025-08-18,1.694,1.693,0.99940968,,0.250,-11.797,51.731,39.622,-6.615
513100,2025-08-18,2025-08-19,1.693,1.67,0.98641465,,-2.266,-0.582,-141.671,-140.011,2.921
513100,2025-08-19,2025-08-20,1.67,1.661,0.99461078,,0.442,17.558,82.503,99.759,3.946
513100,2025-08-20,2025-08-21,1.661,1.651,0.99397953,,-0.665,-19.013,11.201,-7.169,-14.252
513100,2025-08-21,2025-08-22,1.651,1.677,1.01574803,,-0.977,26.285,199.575,227.383,3.792
513100,2025-08-22,2025-08-25,1.677,1.669,0.99522958,,5.552,-20.681,-176.250,-202.006,-16.894
513100,2025-08-25,2025-08-26,1.669,1.676,1.00419413,,-4.405,10.638,69.208,84.361,-0.612
513100,2025-08-26,2025-08-27,1.676,1.677,1.00059666,,-0.017,-4.930,-25.225,-30.125,-11.255
513100,2025-08-27,2025-08-28,1.677,1.686,1.00536673,,1.635,-0.051,42.719,41.026,-4.695
513100,2025-08-28,2025-08-29,1.686,1.665,0.98754448,,1.566,-8.986,-177.321,-187.685,-3.079
513100,2025-08-29,2025-09-01,1.665,1.666,1.00060060,,0.093,3.613,0.093,3.613,6.006
513100,2025-09-01,2025-09-02,1.666,1.653,0.99219688,,-1.704,-1.985,41.616,41.334,0.687
513100,2025-09-02,2025-09-03,1.653,1.666,1.00786449,,-3.111,7.442,155.892,166.613,-0.440
513100,2025-09-03,2025-09-04,1.666,1.681,1.00900360,,4.768,-4.799,18.752,9.172,-3.111
513100,2025-09-04,2025-09-05,1.681,1.683,1.00118977,,1.984,8.602,-82.203,-75.640,3.673
513100,2025-09-05,2025-09-08,1.683,1.69,1.00415924,,0.092,-1.877,38.287,36.311,-4.833
513100,2025-09-08,2025-09-09,1.69,1.694,1.00236686,,-5.962,-16.509,-19.723,-30.255,-8.917
513100,2025-09-09,2025-09-10,1.694,1.696,1.00118064,,0.226,11.776,-28.324,-16.807,7.831
513100,2025-09-10,2025-09-11,1.696,1.706,1.00589623,,2.829,0.999,58.932,57.092,-1.113
513100,2025-09-11,2025-09-12,1.706,1.712,1.00351700,,-4.218,-11.533,-22.656,-29.957,-6.329
513100,2025-09-12,2025-09-15,1.712,1.728,1.00934579,,4.490,13.789,46.484,55.822,9.702
513100,2025-09-15,2025-09-16,1.728,1.725,0.99826389,,-5.250,-7.360,-96.155,-98.245,-9.330
513100,2025-09-16,2025-09-17,1.725,1.721,0.99768116,,-0.394,-12.491,-13.193,-25.275,-2.365
513100,2025-09-17,2025-09-18,1.721,1.739,1.01045904,,-1.078,3.009,115.425,119.559,9.060
513100,2025-09-18,2025-09-19,1.739,1.752,1.00747556,,-1.397,7.747,-26.526,-17.405,4.651
513100,2025-09-19,2025-09-22,1.752,1.761,1.00513699,,-0.265,3.535,-15.484,-11.689,-3.358
513100,2025-09-22,2025-09-23,1.761,1.747,0.99204997,,0.402,-9.301,-126.712,-136.292,-6.489
513100,2025-09-23,2025-09-24,1.747,1.742,0.99713795,,-0.264,-3.216,41.938,38.974,2.551
513100,2025-09-24,2025-09-25,1.742,1.736,0.99655568,,3.191,4.178,-9.053,-8.067,8.961
513100,2025-09-25,2025-09-26,1.736,1.744,1.00460829,,-2.376,11.268,85.016,98.779,2.404
513100,2025-09-26,2025-09-29,1.744,1.75,1.00344037,,-0.572,-4.645,-0.371,-4.444,-9.426
513100,2025-09-29,2025-09-30,1.75,1.754,1.00228571,,-0.236,-11.625,-16.147,-27.518,-5.018
513100,2025-09-30,2025-10-09,1.754,1.785,1.01767389,,0.557,14.778,-42.507,-28.347,7.172
513100,2025-10-09,2025-10-10,1.785,1.721,0.96414566,,-2.088,-3.912,-336.437,-338.201,-9.681
513100,2025-10-10,2025-10-13,1.721,1.757,1.02091807,,-3.050,-10.789,584.694,576.500,-8.819
513100,2025-10-13,2025-10-14,1.757,1.746,0.99373933,,4.528,10.165,-276.720,-271.241,6.500
513100,2025-10-14,2025-10-15,1.746,1.757,1.00630011,,-0.860,-0.718,136.692,136.837,-4.521
513100,2025-10-15,2025-10-16,1.757,1.75,0.99601594,,-0.442,-1.568,-102.909,-104.023,-4.245
513100,2025-10-16,2025-10-17,1.75,1.761,1.00628571,,0.372,-5.686,101.524,95.405,-2.305
513100,2025-10-17,2025-10-20,1.761,1.784,1.01306076,,-2.956,6.489,61.603,71.108,0.426
513100,2025-10-20,2025-10-21,1.784,1.782,0.99887892,,0.370,-9.070,-133.592,-142.905,-5.689
513100,2025-10-21,2025-10-22,1.782,1.765,0.99046016,,0.001,8.463,-93.275,-84.893,3.385
513100,2025-10-22,2025-10-23,1.765,1.779,1.00793201,,-3.327,-9.808,185.014,178.411,-8.399
513100,2025-10-23,2025-10-24,1.779,1.798,1.01068016,,1.470,9.513,17.431,25.487,2.880
513100,2025-10-24,2025-10-27,1.798,1.829,1.01724138,,-3.515,-6.614,74.494,71.370,-10.139
513100,2025-10-27,2025-10-28,1.829,1.842,1.00710771,,0.806,-0.886,-106.167,-107.842,-2.721
513100,2025-10-28,2025-10-29,1.842,1.85,1.00434311,,3.858,-0.941,-28.335,-33.119,2.023
513100,2025-10-29,2025-10-30,1.85,1.823,0.98540541,,-1.475,-0.769,-189.482,-188.789,1.489
513100,2025-10-30,2025-10-31,1.823,1.832,1.00493692,,-0.815,3.277,197.424,201.597,1.443
513100,2025-10-31,2025-11-03,1.832,1.84,1.00436681,,1.106,-3.268,-2.397,-6.769,-0.729
513100,2025-11-03,2025-11-04,1.84,1.802,0.97934783,,-2.208,-1.926,-252.288,-252.013,0.331
513100,2025-11-04,2025-11-05,1.802,1.816,1.00776915,,2.927,10.268,288.225,295.775,5.185
513100,2025-11-05,2025-11-06,1.816,1.78,0.98017621,,-2.045,-3.030,-263.816,-264.775,-7.121
513100,2025-11-06,2025-11-07,1.78,1.774,0.99662921,,-1.686,-8.598,164.776,157.749,-5.777
513100,2025-11-07,2025-11-10,1.774,1.814,1.02254791,,2.297,3.709,251.242,252.689,5.121
513100,2025-11-10,2025-11-11,1.814,1.808,0.99669239,,-3.942,2.126,-249.238,-243.319,-2.531
513100,2025-11-11,2025-11-12,1.808,1.806,0.99889381,,-0.079,-9.249,24.218,15.026,-4.736
513100,2025-11-12,2025-11-13,1.806,1.77,0.98006645,,1.571,11.740,-197.557,-187.590,6.089
513100,2025-11-13,2025-11-14,1.77,1.77,1.00000000,,-0.266,-4.640,215.369,210.900,-5.910
513100,2025-11-14,2025-11-17,1.77,1.755,0.99152542,,-0.187,-7.102,-89.346,-96.200,-1.457
513100,2025-11-17,2025-11-18,1.755,1.735,0.98860399,,0.147,3.536,-36.545,-33.168,5.795
513100,2025-11-18,2025-11-19,1.735,1.745,1.00576369,,-0.712,-3.109,177.173,174.733,1.546
513100,2025-11-19,2025-11-20,1.745,1.705,0.97707736,,4.203,13.097,-288.240,-279.605,8.861
513100,2025-11-20,2025-11-21,1.705,1.717,1.00703812,,-2.326,-2.607,320.136,319.846,-6.556
513100,2025-11-21,2025-11-24,1.717,1.761,1.02562609,,-1.322,-2.309,181.926,180.921,-5.272
513100,2025-11-24,2025-11-25,1.761,1.771,1.00567859,,1.661,2.933,-196.755,-195.508,-1.304
513100,2025-11-25,2025-11-26,1.771,1.786,1.00846979,,1.590,-0.246,30.696,28.855,-2.647
513100,2025-11-26,2025-11-27,1.786,1.785,0.99944009,,-3.199,-7.011,-3.199,-7.011,-5.599
513100,2025-11-27,2025-11-28,1.785,1.799,1.00784314,,-1.418,4.235,-10.270,-4.623,-0.005
513100,2025-11-28,2025-12-01,1.799,1.792,0.99610895,,1.505,-7.676,-112.243,-121.320,-2.734
513100,2025-12-01,2025-12-02,1.792,1.808,1.00892857,,0.244,10.847,120.922,131.652,5.191
513100,2025-12-02,2025-12-03,1.808,1.811,1.00165929,,2.420,-0.264,-61.281,-63.947,-3.232
513100,2025-12-03,2025-12-04,1.811,1.808,0.99834346,,-3.905,-9.131,-33.366,-38.578,-6.871
513100,2025-12-04,2025-12-05,1.808,1.817,1.00497788,,4.351,4.493,57.262,57.405,6.614
513100,2025-12-05,2025-12-08,1.817,1.813,0.99779857,,0.822,1.670,-66.977,-66.134,2.942
513100,2025-12-08,2025-12-09,1.813,1.816,1.00165472,,-0.622,3.476,40.323,44.439,0.649
513100,2025-12-09,2025-12-10,1.816,1.823,1.00385463,,-0.591,6.059,25.447,32.114,-3.417
513100,2025-12-10,2025-12-11,1.823,1.815,0.99561163,,0.377,-2.304,-76.105,-78.765,-9.093
513100,2025-12-11,2025-12-12,1.815,1.779,0.98016529,,-0.964,-10.300,-157.412,-166.602,-7.754
513100,2025-12-12,2025-12-15,1.779,1.77,0.99494098,,-1.750,8.447,140.292,150.634,0.798
513100,2025-12-15,2025-12-16,1.77,1.773,1.00169492,,-1.587,-5.123,76.387,72.823,-9.228
513100,2025-12-16,2025-12-17,1.773,1.739,0.98082346,,5.476,-0.051,-213.377,-218.783,1.366
513100,2025-12-17,2025-12-18,1.739,1.765,1.01495112,,-2.716,3.378,347.896,354.204,-1.299
513100,2025-12-18,2025-12-19,1.765,1.787,1.01246459,,-1.225,-9.015,-21.130,-28.904,-5.900
513100,2025-12-19,2025-12-22,1.787,1.7955,1.00475658,,-1.138,8.929,-85.078,-75.095,1.980
513100,2025-12-22,2025-12-23,1.7955,1.8032,1.00428850,,0.324,0.755,4.267,4.697,-6.619
513100,2025-12-23,2025-12-24,1.8032,1.8067,1.00194099,,0.103,3.944,-22.622,-18.789,-7.271
513100,2025-12-24,2025-12-25,1.8067,1.8047,0.99889301,,0.141,-6.243,0.141,-6.243,-11.070
513100,2025-12-25,2025-12-26,1.8047,1.803,0.99905802,,-0.008,-1.001,-31.209,-32.199,-4.838
513100,2025-12-26,2025-12-29,1.803,1.7938,0.99489739,,-0.873,-7.126,-42.643,-48.869,-4.710
513100,2025-12-29,2025-12-30,1.7938,1.7898,0.99777010,,-0.029,10.926,21.728,32.707,2.388
513100,2025-12-30,2025-12-31,1.7898,1.7735,0.99089284,,0.933,0.656,-58.075,-58.351,-7.597
513100,2025-12-31,2026-01-05,1.7735,1.7825,1.00507471,,-0.935,-1.071,161.365,161.227,-9.186
513100,2026-01-05,2026-01-06,1.7825,1.7978,1.00858345,,0.176,-9.934,16.478,6.352,-7.940
513100,2026-01-06,2026-01-07,1.7978,1.7991,1.00072311,,-0.299,0.271,-87.791,-87.225,1.696
513100,2026-01-07,2026-01-08,1.7991,1.789,0.99438608,,-0.334,10.931,-63.055,-51.861,1.090
513100,2026-01-08,2026-01-09,1.789,1.8054,1.00916713,,-0.002,-6.982,159.738,152.647,-9.832
513100,2026-01-09,2026-01-12,1.8054,1.8063,1.00049850,,-0.466,-2.605,-92.821,-94.940,-3.318
513100,2026-01-12,2026-01-13,1.8063,1.8029,0.99811770,,-0.386,-3.524,-26.395,-29.524,-1.099
513100,2026-01-13,2026-01-14,1.8029,1.7841,0.98957236,,0.552,10.972,-89.108,-78.781,2.977
513100,2026-01-14,2026-01-15,1.7841,1.7884,1.00241018,,0.251,-9.732,140.846,130.723,-7.736
513100,2026-01-15,2026-01-16,1.7884,1.7874,0.99944084,,-0.613,5.240,-39.325,-33.495,1.385
513100,2026-01-16,2026-01-19,1.7874,1.7866,0.99955242,,-0.623,1.949,-0.623,1.949,-4.476
513100,2026-01-19,2026-01-20,1.7866,1.7476,0.97817083,,0.184,-7.382,-205.172,-212.582,-6.240
513100,2026-01-20,2026-01-21,1.7476,1.7714,1.01361868,,-0.634,-0.206,354.740,355.183,0.508
513100,2026-01-21,2026-01-22,1.7714,1.7849,1.00762109,,-0.226,13.359,-59.375,-45.870,0.488
513100,2026-01-22,2026-01-23,1.7849,1.7887,1.00212897,,0.047,-0.509,-41.219,-41.773,-12.807
513100,2026-01-23,2026-01-26,1.7887,1.794,1.00296305,,-0.096,-14.539,7.813,-6.641,-12.394
513100,2026-01-26,2026-01-27,1.794,1.8101,1.00897436,,-0.517,16.399,45.310,62.303,1.631
513100,2026-01-27,2026-01-28,1.8101,1.8133,1.00176786,,0.453,-16.582,-55.142,-72.082,-14.292
513100,2026-01-28,2026-01-29,1.8133,1.804,0.99487123,,-0.352,15.291,-85.313,-69.802,1.941
513100,2026-01-29,2026-01-30,1.804,1.7788,0.98603104,,1.721,-14.047,-73.702,-89.351,-11.610
513100,2026-01-30,2026-02-02,1.7788,1.792,1.00742073,,-1.120,13.820,202.576,217.820,1.320
513100,2026-02-02,2026-02-03,1.792,1.7621,0.98331473,,0.855,-0.855,-225.795,-227.466,-11.629
513100,2026-02-03,2026-02-04,1.7621,1.7292,0.98132910,,0.444,-15.644,-21.047,-37.100,-10.331
513100,2026-02-04,2026-02-05,1.7292,1.7063,0.98675688,,-0.061,2.384,39.580,42.036,5.260
513100,2026-02-05,2026-02-06,1.7063,1.7432,1.02162574,,-1.358,11.155,355.837,368.797,1.517
513100,2026-02-06,2026-02-09,1.7432,1.7549,1.00671179,,0.103,-0.175,-134.990,-135.265,-9.524
513100,2026-02-09,2026-02-10,1.7549,1.7437,0.99361787,,1.087,-5.386,-130.239,-136.627,-8.264
513100,2026-02-10,2026-02-11,1.7437,1.7482,1.00258072,,-0.602,-6.216,84.770,79.108,-3.481
513100,2026-02-11,2026-02-12,1.7482,1.7131,0.97992221,,0.368,11.609,-232.077,-221.098,3.105
513100,2026-02-12,2026-02-13,1.7131,1.7149,1.00105073,,0.740,-10.058,227.473,216.430,-7.755
513100,2026-02-13,2026-02-24,1.7149,1.732,1.00997143,,-1.380,14.342,88.670,104.534,0.925
513100,2026-02-24,2026-02-25,1.732,1.7541,1.01275982,,0.252,0.270,32.331,32.349,-13.146
513100,2026-02-25,2026-02-26,1.7541,1.7314,0.98705889,,0.188,-13.228,-253.508,-266.584,-13.228
513100,2026-02-26,2026-02-27,1.7314,1.7264,0.99711216,,0.815,-0.340,88.488,87.322,0.815
513100,2026-02-27,2026-03-02,1.7264,1.7287,1.00133225,,-0.878,21.700,41.981,64.656,0.277
513100,2026-03-02,2026-03-03,1.7287,1.7065,0.98715798,,1.786,-24.791,-120.161,-146.415,-19.594
513100,2026-03-03,2026-03-04,1.7065,1.7331,1.01558746,,-0.539,21.635,262.488,285.244,4.672
513100,2026-03-04,2026-03-05,1.7331,1.7253,0.99549939,,1.074,-18.457,-176.591,-195.775,-15.854
513100,2026-03-05,2026-03-06,1.7253,1.6999,0.98527792,,1.063,-15.567,-120.945,-137.371,3.671
513100,2026-03-06,2026-03-09,1.6999,1.7253,1.01494206,,-1.651,43.173,285.038,331.147,17.614
513100,2026-03-09,2026-03-10,1.7253,1.7204,0.99715991,,1.359,-14.685,-132.787,-148.615,-24.094
513100,2026-03-10,2026-03-11,1.7204,1.7194,0.99941874,,0.192,-15.316,7.935,-7.585,-9.231
513100,2026-03-11,2026-03-12,1.7194,1.6908,0.98336629,,0.496,-0.370,-175.688,-176.539,6.591
513100,2026-03-12,2026-03-13,1.6908,1.6815,0.99449965,,0.384,0.099,112.843,112.555,7.345
513100,2026-03-13,2026-03-16,1.6815,1.7015,1.01189414,,-1.008,20.167,175.008,196.555,6.237
513100,2026-03-16,2026-03-17,1.7015,1.7078,1.00370262,,0.266,-6.100,-60.949,-67.276,-13.636
513100,2026-03-17,2026-03-18,1.7078,1.6821,0.98495140,,0.343,-16.760,-192.807,-209.579,-7.198
513100,2026-03-18,2026-03-19,1.6821,1.6788,0.99803817,,-0.589,20.175,115.885,136.890,8.989
513100,2026-03-19,2026-03-20,1.6788,1.6456,0.98022397,,0.904,-30.952,-158.678,-190.025,-10.261
513100,2026-03-20,2026-03-23,1.6456,1.6688,1.01409820,,-1.536,33.458,313.555,349.652,19.216
513100,2026-03-23,2026-03-24,1.6688,1.6537,0.99095158,,0.560,-8.998,-195.554,-204.924,-13.635
513100,2026-03-24,2026-03-25,1.6537,1.664,1.00622846,,0.076,-25.553,145.027,119.026,-4.566
513100,2026-03-25,2026-03-26,1.664,1.6276,0.97812500,,-0.933,7.788,-304.135,-295.678,20.106
513100,2026-03-26,2026-03-27,1.6276,1.5981,0.98187515,,-0.762,-0.313,46.158,46.609,11.546
513100,2026-03-27,2026-03-30,1.5981,1.5874,0.99330455,,-1.182,14.872,116.087,132.329,10.676
513100,2026-03-30,2026-03-31,1.5874,1.641,1.03376591,,-0.768,19.515,422.819,443.960,-4.957
513100,2026-03-31,2026-04-01,1.641,1.6565,1.00944546,,1.295,-2.130,-216.205,-219.556,-23.132
513100,2026-04-01,2026-04-02,1.6565,1.6551,0.99915484,,1.947,-26.159,-104.051,-131.859,-19.064
513100,2026-04-02,2026-04-03,1.6551,1.6561,1.00060419,,-1.071,16.941,-1.071,16.941,6.042
513100,2026-04-03,2026-04-07,1.6561,1.665,1.00537407,,-0.531,13.895,-6.940,7.476,-11.411
513100,2026-04-07,2026-04-08,1.665,1.709,1.02642643,,0.690,-20.078,285.932,264.572,-24.582
513100,2026-04-08,2026-04-09,1.709,1.7205,1.00672908,,-0.009,-5.251,-211.595,-216.725,-4.523
513100,2026-04-09,2026-04-10,1.7205,1.7229,1.00139494,,-0.434,-0.143,-58.208,-57.918,0.294
513100,2026-04-10,2026-04-13,1.7229,1.7411,1.01056358,,-1.249,8.518,91.414,101.271,-0.812
513100,2026-04-13,2026-04-14,1.7411,1.7708,1.01705818,,-0.461,-8.180,72.839,65.064,-9.782
513100,2026-04-14,2026-04-15,1.7708,1.7953,1.01383555,,-0.320,-6.878,-39.840,-46.372,-1.924
513100,2026-04-15,2026-04-16,1.7953,1.8049,1.00534730,,-0.513,3.570,-90.545,-86.499,4.444
513100,2026-04-16,2026-04-17,1.8049,1.8282,1.01290930,,-0.683,-3.596,78.814,75.878,0.191
513100,2026-04-17,2026-04-20,1.8282,1.8232,0.99726507,,-0.350,11.313,-157.989,-146.509,3.438
513100,2026-04-20,2026-04-21,1.8232,1.8142,0.99506362,,0.166,-13.669,-10.786,-24.607,-7.700
513100,2026-04-21,2026-04-22,1.8142,1.8464,1.01774887,,-1.454,2.336,213.997,217.869,4.522
513100,2026-04-22,2026-04-23,1.8464,1.8362,0.99447574,,-0.004,-1.314,-226.390,-227.671,2.181
513100,2026-04-23,2026-04-24,1.8362,1.8723,1.01966017,,-1.481,15.870,251.896,269.686,2.015
513100,2026-04-24,2026-04-27,1.8723,1.8699,0.99871815,,0.280,-15.010,-189.838,-204.837,-13.554
513100,2026-04-27,2026-04-28,1.8699,1.8513,0.99005294,,0.413,-0.898,-101.643,-102.941,1.872
513100,2026-04-28,2026-04-29,1.8513,1.8625,1.00604980,,-0.732,-0.877,160.663,160.516,2.038
513100,2026-04-29,2026-04-30,1.8625,1.8812,1.01004027,,-0.061,12.483,38.784,51.377,2.854
513100,2026-04-30,2026-05-06,1.8812,1.9576,1.04061238,,-1.628,-0.304,108.260,109.598,-11.243
513100,2026-05-06,2026-05-07,1.9576,1.9531,0.99770127,,0.254,-12.873,-216.055,-228.898,-10.685
513100,2026-05-07,2026-05-08,1.9531,1.9993,1.02365470,,-0.606,6.697,246.925,254.408,1.584
513100,2026-05-08,2026-05-11,1.9993,2.0042,1.00245086,,0.328,1.208,-200.580,-199.718,-4.781
513100,2026-05-11,2026-05-12,2.0042,1.9856,0.99071949,,0.397,-6.321,-115.833,-122.474,-5.591
513100,2026-05-12,2026-05-13,1.9856,2.0063,1.01042506,,-0.437,4.680,192.454,197.670,0.294
513100,2026-05-13,2026-05-14,2.0063,2.02,1.00682849,,0.047,-6.382,-30.932,-37.341,-4.337
513100,2026-05-14,2026-05-15,2.02,1.9896,0.98495050,,1.363,0.486,-223.540,-224.396,3.410
513100,2026-05-15,2026-05-18,1.9896,1.9811,0.99572778,,-0.716,10.985,109.911,121.741,2.208
513100,2026-05-18,2026-05-19,1.9811,1.9675,0.99313513,,0.609,-11.373,-15.082,-27.045,-8.159
513100,2026-05-19,2026-05-20,1.9675,2.0006,1.01682338,,-1.179,9.062,226.876,237.351,2.038
513100,2026-05-20,2026-05-21,2.0006,2.0035,1.00144957,,1.194,-9.333,-142.270,-152.645,-5.825
513100,2026-05-21,2026-05-22,2.0035,2.0126,1.00454205,,-0.468,11.096,21.518,33.108,3.043
513100,2026-05-22,2026-05-25,2.0126,2.0109,0.99915532,,-0.403,-4.057,-0.403,-4.057,-8.447
513100,2026-05-25,2026-05-26,2.0109,2.0453,1.01710677,,-0.724,-5.554,132.610,127.716,-5.115
513100,2026-05-26,2026-05-27,2.0453,2.0435,0.99911993,,0.010,7.923,-182.299,-174.530,0.449
513100,2026-05-27,2026-05-28,2.0435,2.0591,1.00763396,,0.354,2.266,93.206,95.136,-7.115
513100,2026-05-28,2026-05-29,2.0591,2.0646,1.00267107,,-0.037,-8.096,-46.998,-55.020,-9.415
513100,2026-05-29,2026-06-01,2.0646,2.0764,1.00571539,,-1.077,-5.329,22.241,17.979,-2.397
513100,2026-06-01,2026-06-02,2.0764,2.087,1.00510499,,0.012,3.386,-11.395,-8.025,2.946
513100,2026-06-02,2026-06-03,2.087,2.0808,0.99702923,,-0.125,-3.350,-76.988,-80.189,-0.564
513100,2026-06-03,2026-06-04,2.0808,2.0707,0.99514610,,2.159,11.699,-22.231,-12.715,4.946
513100,2026-06-04,2026-06-05,2.0707,1.971,0.95185203,,1.958,-10.797,-423.863,-436.075,-4.788
513100,2026-06-05,2026-06-08,1.971,2.0029,1.01618468,,-1.932,11.570,664.342,678.743,4.083
513100,2026-06-08,2026-06-09,2.0029,1.979,0.98806730,,0.178,-4.807,-265.446,-270.298,-7.300
513100,2026-06-09,2026-06-10,1.979,1.9394,0.97998989,,0.561,-4.868,-86.517,-91.898,-1.934
513100,2026-06-10,2026-06-11,1.9394,2.0035,1.03305146,,-1.549,7.407,536.318,545.756,1.386
513100,2026-06-11,2026-06-12,2.0035,2.0152,1.00583978,,0.006,-2.927,-256.199,-259.058,-6.010
513100,2026-06-12,2026-06-15,2.0152,2.0754,1.02987297,,-4.336,-10.352,235.939,229.778,-7.418
513100,2026-06-15,2026-06-16,2.0754,2.037,0.98149754,,0.617,5.317,-479.588,-475.113,3.555
513100,2026-06-16,2026-06-17,2.037,2.0164,0.98988709,,-0.222,-6.973,90.840,84.027,-1.983
513100,2026-06-17,2026-06-18,2.0164,2.0671,1.02514382,,-1.440,0.617,348.948,351.077,3.552
513100,2026-06-18,2026-06-22,2.0671,2.0635,0.99825843,,-0.907,-1.053,-261.659,-261.801,2.028
513100,2026-06-22,2026-06-23,2.0635,1.9962,0.96738551,,0.345,-0.094,-310.288,-310.713,3.426
513100,2026-06-23,2026-06-24,1.9962,1.9881,0.99594229,,-0.739,0.728,295.099,296.609,2.781
513100,2026-06-24,2026-06-25,1.9881,2.0034,1.00769579,,-0.486,7.875,118.751,127.212,1.566
513100,2026-06-25,2026-06-26,2.0034,1.9801,0.98836977,,-0.674,-8.297,-184.060,-191.543,-6.978
513100,2026-06-26,2026-06-29,1.9801,2.0249,1.02262512,,-0.550,10.461,338.000,349.384,0.770
513100,2026-06-29,2026-06-30,2.0249,2.0568,1.01575386,,-1.065,-4.581,-56.801,-60.298,-10.745
513100,2026-06-30,2026-07-01,2.0568,2.0243,0.98419876,,2.416,-6.835,-315.096,-324.054,-3.752
513100,2026-07-01,2026-07-02,2.0243,1.992,0.98404387,,-1.625,7.486,-8.408,0.697,1.460
513100,2026-07-02,2026-07-03,1.992,1.9908,0.99939759,,-0.002,-8.814,-0.002,-8.814,-6.024
513100,2026-07-03,2026-07-06,1.9908,2.0164,1.01285915,,0.066,4.622,291.454,296.143,2.858
513100,2026-07-06,2026-07-07,2.0164,1.9803,0.98209681,,-0.581,-5.721,-299.236,-304.223,-2.344
513100,2026-07-07,2026-07-08,1.9803,1.9863,1.00302984,,-0.354,9.053,207.303,216.906,3.025
513100,2026-07-08,2026-07-09,1.9863,2.0172,1.01555656,,-0.528,0.359,134.055,134.953,-6.550
513100,2026-07-09,2026-07-10,2.0172,2.0224,1.00257783,,-0.260,-4.669,-127.445,-131.798,-7.168
513100,2026-07-10,2026-07-13,2.0224,1.9839,0.98096321,,0.189,-4.958,-220.159,-225.192,-2.311
513100,2026-07-13,2026-07-14,1.9839,2.0061,1.01119008,,-0.864,13.566,303.023,317.892,1.784
513100,2026-07-14,2026-07-15,2.0061,1.9981,0.99601216,,0.142,-11.477,-136.737,-148.197,-11.625
513100,2026-07-15,2026-07-16,1.9981,1.9659,0.98388469,,0.625,-3.203,-133.098,-136.874,0.478
513100,2026-07-16,2026-07-17,1.9659,1.9371,0.98535022,,-0.922,0.698,11.688,13.310,2.759
513100,2026-07-17,2026-07-20,1.9371,1.9381,1.00051624,,-0.945,5.680,154.624,161.352,1.115
513100,2026-07-20,2026-07-21,1.9381,1.9744,1.01872968,,-0.652,-7.568,187.824,180.778,-5.214
513100,2026-07-21,2026-07-22,1.9744,1.9643,0.99488452,,0.381,6.714,-241.459,-235.279,2.737
513100,2026-07-22,2026-07-23,1.9643,1.9267,0.98085832,,-0.166,-8.996,-134.364,-143.075,-4.141
513100,2026-07-23,2026-07-24,1.9267,1.9055,0.98899673,,-0.105,8.880,73.902,82.953,4.755
513100,2026-07-24,2026-07-27,1.9055,1.8986,0.99637890,,-0.417,-7.040,83.589,76.911,-4.538
513100,2026-07-27,2026-07-28,1.8986,1.8805,0.99046666,,0.656,7.432,-66.335,-59.605,3.160
513100,2026-07-28,2026-07-29,1.8805,1.841,0.97899495,,-0.271,-3.510,-108.475,-111.679,-4.540
513100,2026-07-29,2026-07-30,1.841,1.9024,1.03335144,,-1.509,-2.834,551.523,550.124,-2.539
513100,2026-07-30,2026-07-31,1.9024,1.9139,1.00604500,,0.435,0.140,-267.010,-267.297,0.730
513100,2026-07-31,2026-08-03,1.9139,1.9477,1.01766027,,-1.729,-3.937,115.597,113.363,-1.140
513100,2026-08-03,2026-08-04,1.9477,2.0129,1.03347538,,-0.459,6.464,151.408,158.437,2.339
513100,2026-08-04,2026-08-05,2.0129,1.9959,0.99155447,,2.176,-2.831,-399.428,-404.234,-1.947
513100,2026-08-05,2026-08-06,1.9959,1.9882,0.99614209,,-0.646,-1.088,43.423,42.979,0.238
513100,2026-08-06,2026-08-07,1.9882,2.012,1.01197063,,-0.435,3.837,157.794,162.133,0.891
513100,2026-08-07,2026-08-10,2.012,2.0047,0.99637177,,0.468,-4.834,-150.365,-155.587,-2.478
513100,2026-08-10,2026-08-11,2.0047,1.9985,0.99690727,,-0.762,4.247,0.538,5.548,1.594
513100,2026-08-11,2026-08-12,1.9985,2.0127,1.00710533,,0.186,-3.349,106.587,103.015,-2.465
513100,2026-08-12,2026-08-13,2.0127,2.0359,1.01152680,,-0.572,1.785,40.539,42.906,0.312
513100,2026-08-13,2026-08-14,2.0359,2.033,0.99857557,,-0.022,-0.759,-126.275,-127.002,-1.495
513100,2026-08-14,2026-08-17,2.033,2.0294,0.99822922,,-0.079,-5.527,-4.227,-9.674,-0.815
513100,2026-08-17,2026-08-18,2.0294,1.9961,0.98359121,,-0.567,11.667,-152.086,-140.038,4.148
513100,2026-08-18,2026-08-19,1.9961,1.9902,0.99704424,,-0.044,-0.775,148.601,147.859,-7.554
513100,2026-08-19,2026-08-20,1.9902,1.9748,0.99226208,,1.702,-6.405,-48.735,-56.801,-5.079
513100,2026-08-20,2026-08-21,1.9748,1.9816,1.00344339,,0.342,-1.869,106.208,103.973,1.669
513100,2026-08-21,2026-08-24,1.9816,1.9629,0.99056318,,-0.404,1.513,-130.205,-128.313,3.135
513100,2026-08-24,2026-08-25,1.9629,1.9756,1.00647002,,-1.029,3.984,162.121,167.215,0.592
513100,2026-08-25,2026-08-26,1.9756,1.9759,1.00015185,,-0.325,-5.335,-58.817,-63.798,-3.714
513100,2026-08-26,2026-08-27,1.9759,2.0043,1.01437320,,-0.606,5.292,136.781,142.761,1.015
513100,2026-08-27,2026-08-28,2.0043,1.9895,0.99261588,,0.624,-6.157,-209.311,-215.950,-3.651
513100,2026-08-28,2026-08-31,1.9895,1.9914,1.00095501,,-0.956,4.354,77.803,83.154,1.551
513100,2026-08-31,2026-09-01,1.9914,1.9652,0.98684343,,0.118,-5.631,-136.689,-142.359,-2.683
513100,2026-09-01,2026-09-02,1.9652,1.9702,1.00254427,,-0.249,5.946,153.381,159.671,2.701
513100,2026-09-02,2026-09-03,1.9702,1.9925,1.01131865,,0.148,-0.146,93.519,93.222,-3.096
513100,2026-09-03,2026-09-04,1.9925,1.9962,1.00185696,,0.549,-3.580,-93.703,-97.793,-2.401
513100,2026-09-04,2026-09-07,1.9962,1.9964,1.00010019,,-0.178,-0.326,-0.178,-0.326,1.002
513100,2026-09-07,2026-09-08,1.9964,1.9942,0.99889802,,-0.005,6.488,-33.251,-26.780,1.323
513100,2026-09-08,2026-09-09,1.9942,1.9873,0.99653997,,-0.259,-4.978,-17.134,-21.845,-5.420
513100,2026-09-09,2026-09-10,1.9873,1.9659,0.98923162,,0.861,3.814,-78.279,-75.349,0.418
513100,2026-09-10,2026-09-11,1.9659,1.9831,1.00874917,,-0.113,3.138,201.189,204.505,-3.507
159696,2025-01-02,2025-01-03,1.4015,1.425,1.01676775,,0.690,0.829,,,0.550
159696,2025-01-03,2025-01-06,1.425,1.4404,1.01080702,,-1.052,-1.747,-57.800,-58.492,-1.330
159696,2025-01-06,2025-01-07,1.4404,1.4146,0.98208831,,-0.279,-0.975,-285.814,-286.490,0.138
159696,2025-01-07,2025-01-08,1.4146,1.4153,1.00049484,,0.094,1.346,186.430,187.705,1.207
159696,2025-01-08,2025-01-09,1.4153,1.4153,1.00000000,,0.139,-0.695,0.139,-0.695,0.000
159696,2025-01-09,2025-01-10,1.4153,1.3931,0.98431428,,-0.148,1.382,-161.222,-159.716,0.547
159696,2025-01-10,2025-01-13,1.3931,1.3888,0.99691336,,0.118,0.257,129.398,129.539,-0.716
159696,2025-01-13,2025-01-14,1.3888,1.3868,0.99855991,,-0.289,-1.959,16.774,15.102,-1.263
159696,2025-01-14,2025-01-15,1.3868,1.4189,1.02314681,,-0.682,0.291,244.217,245.214,0.013
159696,2025-01-15,2025-01-16,1.4189,1.4091,0.99309324,,0.238,-1.153,-293.454,-294.804,-0.040
159696,2025-01-16,2025-01-17,1.4091,1.4326,1.01667731,,-0.252,1.278,236.301,237.867,0.861
159696,2025-01-17,2025-01-20,1.4326,1.4324,0.99986039,,-0.979,24.122,-0.979,24.122,-1.396
159696,2025-01-20,2025-01-21,1.4324,1.4372,1.00335102,,0.647,-23.838,-105.038,-129.264,-24.812
159696,2025-01-21,2025-01-22,1.4372,1.4561,1.01315057,,-0.341,-2.990,73.598,70.929,-1.317
159696,2025-01-22,2025-01-23,1.4561,1.4594,1.00226633,,-0.945,1.147,-110.388,-108.319,0.729
159696,2025-01-23,2025-01-24,1.4594,1.4508,0.99410717,,-0.564,-0.006,-80.269,-79.716,-0.982
159696,2025-01-24,2025-01-27,1.4508,1.4077,0.97029225,,0.916,0.637,-239.567,-239.839,-0.060
159696,2025-01-27,2025-02-05,1.4077,1.4427,1.02486325,,-1.882,-2.301,347.764,347.331,-2.580
159696,2025-02-05,2025-02-06,1.4427,1.4503,1.00526790,,-0.556,-1.950,10.609,9.213,-0.834
159696,2025-02-06,2025-02-07,1.4503,1.4312,0.98683031,,-2.976,-2.976,-185.324,-185.324,-1.860
159696,2025-02-07,2025-02-10,1.4312,1.4491,1.01250699,,0.434,0.295,257.140,256.998,1.550
159696,2025-02-10,2025-02-11,1.4491,1.4451,0.99723967,,0.199,2.291,-150.497,-148.437,1.454
159696,2025-02-11,2025-02-12,1.4451,1.4467,1.00110719,,0.044,-2.047,41.082,38.982,-0.792
159696,2025-02-12,2025-02-13,1.4467,1.4675,1.01437755,,-0.883,2.185,130.482,133.591,0.372
159696,2025-02-13,2025-02-14,1.4675,1.473,1.00374787,,1.174,-0.081,-102.628,-103.870,-0.638
159696,2025-02-14,2025-02-17,1.473,1.4728,0.99986422,,-0.800,-0.660,-0.800,-0.660,-1.358
159696,2025-02-17,2025-02-18,1.4728,1.4759,1.00210483,,-0.824,-2.637,-16.310,-18.120,-1.521
159696,2025-02-18,2025-02-19,1.4759,1.4768,1.00060980,,0.023,0.163,-17.552,-17.413,1.139
159696,2025-02-19,2025-02-20,1.4768,1.47,0.99539545,,1.485,4.693,-51.950,-48.758,2.461
159696,2025-02-20,2025-02-21,1.47,1.4395,0.97925170,,0.429,-4.730,-157.567,-162.644,-1.802
159696,2025-02-21,2025-02-24,1.4395,1.4224,0.98812088,,-0.473,1.201,85.799,87.487,2.456
159696,2025-02-24,2025-02-25,1.4224,1.4049,0.98769685,,-0.244,0.175,-3.091,-2.673,1.011
159696,2025-02-25,2025-02-26,1.4049,1.408,1.00220656,,-0.429,-0.708,147.082,146.799,0.407
159696,2025-02-26,2025-02-27,1.408,1.3694,0.97258523,,0.158,1.552,-296.248,-294.896,1.273
159696,2025-02-27,2025-02-28,1.3694,1.3917,1.01628450,,0.854,-0.400,450.932,449.621,0.576
159696,2025-02-28,2025-03-03,1.3917,1.3612,0.97808436,,-0.420,1.392,-376.266,-374.522,0.556
159696,2025-03-03,2025-03-04,1.3612,1.3563,0.99640024,,0.602,3.251,188.681,191.380,-0.235
159696,2025-03-04,2025-03-05,1.3563,1.3741,1.01312394,,-0.793,-1.211,171.147,170.723,-4.278
159696,2025-03-05,2025-03-06,1.3741,1.3355,0.97190889,,1.250,-3.631,-407.973,-412.654,-1.818
159696,2025-03-06,2025-03-07,1.3355,1.3458,1.00771247,,1.115,-0.976,364.619,362.452,2.928
159696,2025-03-07,2025-03-10,1.3458,1.2951,0.96232724,,0.921,3.711,-451.311,-448.648,4.827
159696,2025-03-10,2025-03-11,1.2951,1.2916,0.99729751,,-0.352,7.040,367.239,374.902,0.763
159696,2025-03-11,2025-03-12,1.2916,1.3054,1.01068442,,0.134,-10.597,141.366,130.483,-6.138
159696,2025-03-12,2025-03-13,1.3054,1.2814,0.98161483,,0.875,3.944,-297.915,-294.937,5.339
159696,2025-03-13,2025-03-14,1.2814,1.3135,1.02505073,,-0.150,8.220,446.613,455.356,1.244
159696,2025-03-14,2025-03-17,1.3135,1.3197,1.00472021,,-0.395,-13.633,-190.280,-203.266,-7.364
159696,2025-03-17,2025-03-18,1.3197,1.2987,0.98408729,,0.710,12.012,-218.713,-207.658,6.987
159696,2025-03-18,2025-03-19,1.2987,1.3148,1.01239701,,-0.943,-13.900,300.032,286.685,-5.961
159696,2025-03-19,2025-03-20,1.3148,1.312,0.99787040,,0.698,7.812,-157.188,-150.186,8.649
159696,2025-03-20,2025-03-21,1.312,1.3174,1.00411585,,1.508,-0.443,70.449,68.485,2.344
159696,2025-03-21,2025-03-24,1.3174,1.3458,1.02155761,,-3.094,-1.422,173.252,174.953,-0.308
159696,2025-03-24,2025-03-25,1.3458,1.353,1.00534998,,-0.831,5.022,-160.056,-154.296,0.283
159696,2025-03-25,2025-03-26,1.353,1.3277,0.98130081,,0.456,-5.534,-234.310,-240.159,-4.281
159696,2025-03-26,2025-03-27,1.3277,1.3199,0.99412518,,-0.567,2.221,125.081,127.903,0.688
159696,2025-03-27,2025-03-28,1.3199,1.2854,0.97386166,,1.386,-4.326,-201.657,-207.254,-0.147
159696,2025-03-28,2025-03-31,1.2854,1.2857,1.00023339,,-0.316,4.840,266.352,271.646,3.864
159696,2025-03-31,2025-04-01,1.2857,1.2961,1.00808898,,-0.068,-3.550,83.416,79.904,-1.043
159696,2025-04-01,2025-04-02,1.2961,1.306,1.00763830,,-0.924,-11.772,-8.019,-18.860,1.584
159696,2025-04-02,2025-04-03,1.306,1.2372,0.94732006,,2.139,2.851,-609.678,-609.009,15.513
159696,2025-04-03,2025-04-07,1.2372,1.166,0.94245070,,1.626,6.223,594.240,599.110,14.286
159696,2025-04-07,2025-04-08,1.166,1.1443,0.98138937,,1.235,5.405,-212.567,-208.486,9.294
159696,2025-04-08,2025-04-09,1.1443,1.282,1.12033558,,-2.881,-2.602,1421.982,1422.300,1.005
159696,2025-04-09,2025-04-10,1.282,1.2289,0.95858034,,1.030,5.332,-1446.037,-1442.358,4.638
159696,2025-04-10,2025-04-11,1.2289,1.2519,1.01871592,,-0.999,-4.881,633.007,628.878,-1.692
159696,2025-04-11,2025-04-14,1.2519,1.2594,1.00599089,,0.002,5.135,-129.733,-124.666,3.192
159696,2025-04-14,2025-04-15,1.2594,1.2614,1.00158806,,-0.374,-7.444,-38.654,-45.697,-2.316
159696,2025-04-15,2025-04-16,1.2614,1.2237,0.97011257,,0.237,12.032,-321.466,-310.051,5.369
159696,2025-04-16,2025-04-17,1.2237,1.2229,0.99934624,,-0.130,-4.565,313.737,309.162,-6.784
159696,2025-04-17,2025-04-18,1.2229,1.2226,0.99975468,,-0.234,-0.511,-0.234,-0.511,-2.453
159696,2025-04-18,2025-04-21,1.2226,1.1923,0.97521675,,0.424,-4.155,-246.178,-250.644,-1.519
159696,2025-04-21,2025-04-22,1.1923,1.2239,1.02650340,,-0.519,-3.707,521.527,518.172,2.118
159696,2025-04-22,2025-04-23,1.2239,1.2523,1.02320451,,-1.950,6.373,-35.833,-27.537,3.876
159696,2025-04-23,2025-04-24,1.2523,1.2868,1.02754931,,-0.707,1.236,48.863,50.816,-3.203
159696,2025-04-24,2025-04-25,1.2868,1.3008,1.01087970,,-0.251,-1.499,-161.011,-162.238,-4.690
159696,2025-04-25,2025-04-28,1.3008,1.3,0.99938499,,-0.248,-1.496,-115.191,-116.426,-3.439
159696,2025-04-28,2025-04-29,1.3,1.3076,1.00584615,,-0.147,-0.008,63.146,63.286,-2.090
159696,2025-04-29,2025-04-30,1.3076,1.3091,1.00114714,,0.218,-1.032,-46.725,-47.968,-1.865
159696,2025-04-30,2025-05-06,1.3091,1.3237,1.01115270,,-0.203,-0.619,-101.845,-102.258,-1.036
159696,2025-05-06,2025-05-07,1.3237,1.3287,1.00377729,,-0.526,-10.376,127.763,117.786,-0.942
159696,2025-05-07,2025-05-08,1.3287,1.343,1.01076240,,-0.359,6.030,59.140,65.567,9.085
159696,2025-05-08,2025-05-09,1.343,1.3433,1.00022338,,0.238,7.316,-98.301,-91.292,3.291
159696,2025-05-09,2025-05-12,1.3433,1.3967,1.03975285,,-0.386,6.005,402.812,409.460,-4.409
159696,2025-05-12,2025-05-13,1.3967,1.4172,1.01467745,,-0.566,-6.114,-235.307,-240.725,-10.972
159696,2025-05-13,2025-05-14,1.4172,1.4246,1.00522156,,-0.216,-6.050,-99.248,-105.024,-5.078
159696,2025-05-14,2025-05-15,1.4246,1.4261,1.00105293,,1.763,6.212,-47.494,-43.067,2.736
159696,2025-05-15,2025-05-16,1.4261,1.432,1.00413716,,1.678,1.262,37.041,36.624,-1.797
159696,2025-05-16,2025-05-19,1.432,1.4328,1.00055866,,-0.271,-5.413,-34.380,-39.506,-3.329
159696,2025-05-19,2025-05-20,1.4328,1.4277,0.99644054,,-0.523,0.729,-46.549,-45.304,1.563
159696,2025-05-20,2025-05-21,1.4277,1.4087,0.98669188,,0.423,5.987,-97.113,-91.604,1.257
159696,2025-05-21,2025-05-22,1.4087,1.4102,1.00106481,,0.149,-6.801,151.742,144.686,-4.577
159696,2025-05-22,2025-05-23,1.4102,1.3973,0.99085236,,-0.461,13.739,-108.747,-94.702,1.765
159696,2025-05-23,2025-05-26,1.3973,1.3956,0.99878337,,-0.209,-18.142,-0.209,-18.142,-12.166
159696,2025-05-26,2025-05-27,1.3956,1.4297,1.02443394,,-0.517,2.964,334.554,338.151,5.469
159696,2025-05-27,2025-05-28,1.4297,1.4236,0.99573337,,0.052,0.748,-277.279,-276.603,2.557
159696,2025-05-28,2025-05-29,1.4236,1.4269,1.00231807,,-0.106,9.916,66.882,76.971,1.702
159696,2025-05-29,2025-05-30,1.4269,1.4243,0.99817787,,0.723,-10.402,-31.432,-42.521,-7.482
159696,2025-05-30,2025-06-03,1.4243,1.4461,1.01530576,,-0.591,-0.034,89.734,90.296,2.331
159696,2025-06-03,2025-06-04,1.4461,1.4504,1.00297351,,-0.030,5.259,-51.712,-46.451,2.336
159696,2025-06-04,2025-06-05,1.4504,1.4384,0.99172642,,0.495,0.357,-106.938,-107.075,-2.426
159696,2025-06-05,2025-06-06,1.4384,1.4525,1.00980256,,1.340,-2.834,182.633,178.382,-1.443
159696,2025-06-06,2025-06-09,1.4525,1.4551,1.00179002,,-0.073,3.407,-82.160,-78.708,1.318
159696,2025-06-09,2025-06-10,1.4551,1.4644,1.00639131,,-0.070,1.323,49.353,50.753,-2.157
159696,2025-06-10,2025-06-11,1.4644,1.4585,0.99597105,,0.148,-1.661,-102.231,-104.022,-3.332
159696,2025-06-11,2025-06-12,1.4585,1.4617,1.00219403,,-0.409,2.239,60.810,63.474,-2.079
159696,2025-06-12,2025-06-13,1.4617,1.4424,0.98679620,,1.054,-5.631,-151.437,-158.020,-3.263
159696,2025-06-13,2025-06-16,1.4424,1.4631,1.01435108,,-0.591,7.772,273.448,282.040,1.777
159696,2025-06-16,2025-06-17,1.4631,1.4477,0.98947440,,0.273,-7.806,-237.666,-245.553,-5.717
159696,2025-06-17,2025-06-18,1.4477,1.448,1.00020723,,-0.299,6.253,100.580,107.198,1.791
159696,2025-06-18,2025-06-19,1.448,1.4473,0.99951657,,-0.375,-0.094,-0.375,-0.094,-4.834
159696,2025-06-19,2025-06-20,1.4473,1.4405,0.99530160,,0.695,-6.136,-42.544,-49.345,-4.045
159696,2025-06-20,2025-06-23,1.4405,1.4561,1.01082957,,-0.141,9.489,149.781,159.555,1.951
159696,2025-06-23,2025-06-24,1.4561,1.4772,1.01449076,,-0.345,-9.548,45.743,36.497,-7.875
159696,2025-06-24,2025-06-25,1.4772,1.4806,1.00230165,,0.059,8.437,-129.583,-121.314,1.733
159696,2025-06-25,2025-06-26,1.4806,1.4935,1.00871268,,-0.341,-8.015,72.454,64.724,-7.039
159696,2025-06-26,2025-06-27,1.4935,1.4995,1.00401741,,0.474,7.179,-54.525,-47.856,1.451
159696,2025-06-27,2025-06-30,1.4995,1.5082,1.00580193,,-0.479,1.062,24.966,26.511,-6.203
159696,2025-06-30,2025-07-01,1.5082,1.4937,0.99038589,,-0.374,-9.314,-152.226,-161.030,-7.638
159696,2025-07-01,2025-07-02,1.4937,1.5049,1.00749816,,0.440,5.334,163.309,168.283,2.118
159696,2025-07-02,2025-07-03,1.5049,1.5195,1.00970164,,0.846,-4.046,27.217,22.312,-2.369
159696,2025-07-03,2025-07-04,1.5195,1.5197,1.00013162,,-0.361,5.372,-0.361,5.372,1.316
159696,2025-07-04,2025-07-07,1.5197,1.507,0.99164309,,-0.221,-8.187,-177.195,-185.020,-4.275
159696,2025-07-07,2025-07-08,1.507,1.5087,1.00112807,,0.009,2.946,87.384,90.346,3.925
159696,2025-07-08,2025-07-09,1.5087,1.5196,1.00722476,,-0.384,4.929,63.862,69.210,0.594
159696,2025-07-09,2025-07-10,1.5196,1.5166,0.99802580,,0.176,0.738,-86.445,-85.889,-4.157
159696,2025-07-10,2025-07-11,1.5166,1.5126,0.99736252,,-0.177,-7.308,-5.909,-13.036,-5.071
159696,2025-07-11,2025-07-14,1.5126,1.5178,1.00343779,,-0.801,0.458,53.561,54.827,1.437
159696,2025-07-14,2025-07-15,1.5178,1.5199,1.00138358,,0.184,-2.752,-20.015,-22.945,1.164
159696,2025-07-15,2025-07-16,1.5199,1.522,1.00138167,,-0.320,12.696,-2.771,10.241,3.597
159696,2025-07-16,2025-07-17,1.522,1.5319,1.00650460,,-1.343,-15.599,63.919,49.570,-10.430
159696,2025-07-17,2025-07-18,1.5319,1.5318,0.99993472,,0.923,2.744,-80.772,-78.966,6.101
159696,2025-07-18,2025-07-21,1.5318,1.5399,1.00528790,,-0.174,11.862,56.294,68.397,3.183
159696,2025-07-21,2025-07-22,1.5399,1.5308,0.99409053,,-0.221,-2.454,-99.655,-101.866,-8.889
159696,2025-07-22,2025-07-23,1.5308,1.5364,1.00365822,,0.195,-2.182,93.768,91.369,-6.242
159696,2025-07-23,2025-07-24,1.5364,1.5395,1.00201770,,-0.554,-9.373,-18.524,-27.327,-4.615
159696,2025-07-24,2025-07-25,1.5395,1.5437,1.00272816,,-0.055,-2.011,-2.289,-4.246,4.708
159696,2025-07-25,2025-07-28,1.5437,1.5502,1.00421066,,-0.738,-0.175,12.771,13.335,5.982
159696,2025-07-28,2025-07-29,1.5502,1.548,0.99858083,,0.203,16.164,-56.236,-40.365,6.360
159696,2025-07-29,2025-07-30,1.548,1.5489,1.00058140,,-0.303,-17.497,36.231,18.974,-10.091
159696,2025-07-30,2025-07-31,1.5489,1.5417,0.99535154,,0.665,7.804,-69.674,-62.585,8.084
159696,2025-07-31,2025-08-01,1.5417,1.5116,0.98047610,,0.380,14.807,-141.762,-127.539,0.660
159696,2025-08-01,2025-08-04,1.5116,1.5376,1.01720032,,-0.434,-10.503,389.917,379.455,-14.561
159696,2025-08-04,2025-08-05,1.5376,1.5257,0.99226067,,-0.028,-10.109,-255.425,-265.248,-4.090
159696,2025-08-05,2025-08-06,1.5257,1.5462,1.01343646,,-0.532,14.469,203.085,218.391,5.493
159696,2025-08-06,2025-08-07,1.5462,1.5497,1.00226361,,-0.321,-14.462,-95.938,-109.943,-9.284
159696,2025-08-07,2025-08-08,1.5497,1.5652,1.01000194,,-0.019,1.945,62.635,64.610,5.167
159696,2025-08-08,2025-08-11,1.5652,1.5602,0.99680552,,0.694,2.096,-128.738,-127.355,3.917
159696,2025-08-11,2025-08-12,1.5602,1.5812,1.01345981,,-0.103,11.249,169.207,180.752,1.717
159696,2025-08-12,2025-08-13,1.5812,1.5803,0.99943081,,-0.294,-7.995,-127.333,-134.936,-9.815
159696,2025-08-13,2025-08-14,1.5803,1.5789,0.99911409,,-0.078,-6.663,-11.161,-17.739,-1.900
159696,2025-08-14,2025-08-15,1.5789,1.5718,0.99550320,,0.800,12.441,-42.780,-31.190,5.567
159696,2025-08-15,2025-08-18,1.5718,1.5708,0.99936379,,-0.209,-12.256,51.269,39.161,-7.074
159696,2025-08-18,2025-08-19,1.5708,1.5498,0.98663102,,-0.073,1.611,-139.508,-137.848,5.115
159696,2025-08-19,2025-08-20,1.5498,1.5414,0.99457995,,0.132,17.248,82.190,99.446,3.636
159696,2025-08-20,2025-08-21,1.5414,1.5324,0.99416115,,1.162,-17.189,13.030,-5.343,-12.428
159696,2025-08-21,2025-08-22,1.5324,1.5567,1.01585748,,0.100,27.365,200.674,228.485,4.870
159696,2025-08-22,2025-08-25,1.5567,1.5484,0.99466821,,-0.092,-26.310,-181.791,-207.532,-22.525
159696,2025-08-25,2025-08-26,1.5484,1.5555,1.00458538,,-0.510,14.538,73.131,88.290,3.284
159696,2025-08-26,2025-08-27,1.5555,1.5564,1.00057859,,-0.198,-5.110,-25.405,-30.305,-11.435
159696,2025-08-27,2025-08-28,1.5564,1.5644,1.00514007,,-0.620,-2.306,40.455,38.763,-6.948
159696,2025-08-28,2025-08-29,1.5644,1.5449,0.98753516,,1.471,-9.081,-177.414,-187.777,-3.173
159696,2025-08-29,2025-09-01,1.5449,1.5457,1.00051783,,-0.734,2.786,-0.734,2.786,5.178
159696,2025-09-01,2025-09-02,1.5457,1.5339,0.99236592,,-0.001,-0.282,43.327,43.045,2.391
159696,2025-09-02,2025-09-03,1.5339,1.5464,1.00814916,,-0.288,10.268,158.761,169.485,2.385
159696,2025-09-03,2025-09-04,1.5464,1.5596,1.00853595,,0.131,-9.432,14.109,4.533,-7.744
159696,2025-09-04,2025-09-05,1.5596,1.5613,1.00109002,,0.987,7.605,-83.191,-76.629,2.676
159696,2025-09-05,2025-09-08,1.5613,1.5678,1.00416320,,0.132,-1.837,38.327,36.350,-4.793
159696,2025-09-08,2025-09-09,1.5678,1.5724,1.00293405,,-0.307,-10.860,-14.076,-24.614,-3.264
159696,2025-09-09,2025-09-10,1.5724,1.5742,1.00114475,,-0.133,11.417,-28.681,-17.165,7.472
159696,2025-09-10,2025-09-11,1.5742,1.583,1.00559014,,-0.215,-2.044,55.871,54.032,-4.155
159696,2025-09-11,2025-09-12,1.583,1.5892,1.00391661,,-0.238,-7.555,-18.683,-25.987,-2.349
159696,2025-09-12,2025-09-15,1.5892,1.6033,1.00887239,,-0.202,9.093,41.772,51.105,5.008
159696,2025-09-15,2025-09-16,1.6033,1.6014,0.99881494,,0.267,-1.844,-90.688,-92.780,-3.815
159696,2025-09-16,2025-09-17,1.6014,1.5977,0.99768952,,-0.310,-12.407,-13.109,-25.191,-2.281
159696,2025-09-17,2025-09-18,1.5977,1.6145,1.01051512,,-0.523,3.564,115.986,120.121,9.616
159696,2025-09-18,2025-09-19,1.6145,1.6267,1.00755652,,-0.594,8.551,-25.724,-16.603,5.455
159696,2025-09-19,2025-09-22,1.6267,1.6352,1.00522530,,0.613,4.414,-14.606,-10.811,-2.480
159696,2025-09-22,2025-09-23,1.6352,1.6221,0.99198875,,-0.215,-9.918,-127.321,-136.901,-7.106
159696,2025-09-23,2025-09-24,1.6221,1.6175,0.99716417,,-0.001,-2.953,42.202,39.238,2.814
159696,2025-09-24,2025-09-25,1.6175,1.6114,0.99622875,,-0.091,0.896,-12.331,-11.345,5.677
159696,2025-09-25,2025-09-26,1.6114,1.6191,1.00477845,,-0.683,12.964,86.724,100.490,4.098
159696,2025-09-26,2025-09-29,1.6191,1.6248,1.00352047,,0.226,-3.847,0.427,-3.646,-8.628
159696,2025-09-29,2025-09-30,1.6248,1.6285,1.00227720,,-0.321,-11.710,-16.231,-27.603,-5.103
159696,2025-09-30,2025-10-09,1.6285,1.6571,1.01756217,,-0.540,13.679,-43.600,-29.442,6.074
159696,2025-10-09,2025-10-10,1.6571,1.5981,0.96439563,,0.504,-1.321,-333.932,-335.696,-7.091
159696,2025-10-10,2025-10-13,1.5981,1.6319,1.02115012,,-0.778,-8.518,587.100,578.904,-6.548
159696,2025-10-13,2025-10-14,1.6319,1.6209,0.99325939,,-0.304,5.330,-281.416,-275.940,1.667
159696,2025-10-14,2025-10-15,1.6209,1.6312,1.00635449,,-0.320,-0.178,137.240,137.384,-3.981
159696,2025-10-15,2025-10-16,1.6312,1.6248,0.99607651,,0.166,-0.960,-102.307,-103.422,-3.637
159696,2025-10-16,2025-10-17,1.6248,1.6349,1.00621615,,-0.319,-6.377,100.826,94.707,-2.997
159696,2025-10-17,2025-10-20,1.6349,1.6566,1.01327298,,-0.861,8.585,63.711,73.218,2.521
159696,2025-10-20,2025-10-21,1.6566,1.6547,0.99885307,,0.111,-9.328,-133.847,-143.160,-5.948
159696,2025-10-21,2025-10-22,1.6547,1.6389,0.99045144,,-0.087,8.375,-93.363,-84.980,3.297
159696,2025-10-22,2025-10-23,1.6389,1.6524,1.00823723,,-0.300,-6.783,188.098,181.493,-5.373
159696,2025-10-23,2025-10-24,1.6524,1.6697,1.01046962,,-0.613,7.428,15.344,23.398,0.797
159696,2025-10-24,2025-10-27,1.6697,1.6989,1.01748817,,-1.090,-4.190,76.938,73.814,-7.715
159696,2025-10-27,2025-10-28,1.6989,1.7109,1.00706339,,0.366,-1.326,-106.603,-108.277,-3.161
159696,2025-10-28,2025-10-29,1.7109,1.7176,1.00391607,,-0.395,-5.193,-32.575,-37.357,-2.230
159696,2025-10-29,2025-10-30,1.7176,1.6928,0.98556125,,0.106,0.813,-187.930,-187.237,3.071
159696,2025-10-30,2025-10-31,1.6928,1.7014,1.00508034,,0.612,4.705,198.879,203.053,2.870
159696,2025-10-31,2025-11-03,1.7014,1.7085,1.00417303,,-0.824,-5.196,-4.326,-8.697,-2.658
159696,2025-11-03,2025-11-04,1.7085,1.6737,0.97963126,,0.685,0.968,-249.467,-249.192,3.225
159696,2025-11-04,2025-11-05,1.6737,1.6861,1.00740874,,-0.650,6.688,284.546,292.093,1.607
159696,2025-11-05,2025-11-06,1.6861,1.6531,0.98042821,,0.525,-0.460,-261.313,-262.272,-4.552
159696,2025-11-06,2025-11-07,1.6531,1.6478,0.99679390,,-0.034,-6.947,166.456,159.427,-4.126
159696,2025-11-07,2025-11-10,1.6478,1.6845,1.02227212,,-0.401,1.011,248.477,249.924,2.423
159696,2025-11-10,2025-11-11,1.6845,1.6796,0.99709112,,0.057,6.128,-245.337,-239.416,1.468
159696,2025-11-11,2025-11-12,1.6796,1.6778,0.99892832,,0.266,-8.904,24.564,15.372,-4.391
159696,2025-11-12,2025-11-13,1.6778,1.6442,0.97997378,,0.625,10.794,-198.484,-188.518,5.143
159696,2025-11-13,2025-11-14,1.6442,1.6444,1.00012164,,0.951,-3.424,216.612,212.142,-4.694
159696,2025-11-14,2025-11-17,1.6444,1.6304,0.99148626,,-0.582,-7.497,-89.738,-96.591,-1.852
159696,2025-11-17,2025-11-18,1.6304,1.6119,0.98865309,,0.643,4.033,-36.050,-32.673,6.292
159696,2025-11-18,2025-11-19,1.6119,1.6212,1.00576959,,-0.654,-3.051,177.232,174.793,1.604
159696,2025-11-19,2025-11-20,1.6212,1.5837,0.97686899,,2.069,10.962,-290.311,-281.678,6.726
159696,2025-11-20,2025-11-21,1.5837,1.5953,1.00732462,,0.518,0.237,323.072,322.782,-3.713
159696,2025-11-21,2025-11-24,1.5953,1.6362,1.02563781,,-1.208,-2.195,182.042,181.037,-5.158
159696,2025-11-24,2025-11-25,1.6362,1.6451,1.00543943,,-0.718,0.555,-199.086,-197.840,-3.681
159696,2025-11-25,2025-11-26,1.6451,1.6588,1.00832776,,0.181,-1.654,29.283,27.443,-4.055
159696,2025-11-26,2025-11-27,1.6588,1.6584,0.99975886,,-0.010,-3.824,-0.010,-3.824,-2.411
159696,2025-11-27,2025-11-28,1.6584,1.6715,1.00789918,,-0.862,4.791,-9.715,-4.067,0.551
159696,2025-11-28,2025-12-01,1.6715,1.6648,0.99599162,,0.327,-8.853,-113.408,-122.484,-3.911
159696,2025-12-01,2025-12-02,1.6648,1.6795,1.00882989,,-0.734,9.868,119.932,130.662,4.212
159696,2025-12-02,2025-12-03,1.6795,1.682,1.00148854,,0.715,-1.968,-62.975,-65.641,-4.936
159696,2025-12-03,2025-12-04,1.682,1.6799,0.99875149,,0.181,-5.048,-29.293,-34.506,-2.787
159696,2025-12-04,2025-12-05,1.6799,1.6876,1.00458361,,0.426,0.568,53.317,53.459,2.688
159696,2025-12-05,2025-12-08,1.6876,1.6838,0.99774828,,0.318,1.166,-67.477,-66.635,2.438
159696,2025-12-08,2025-12-09,1.6838,1.6866,1.00166291,,-0.541,3.558,40.405,44.521,0.731
159696,2025-12-09,2025-12-10,1.6866,1.6931,1.00385391,,-0.598,6.052,25.440,32.106,-3.424
159696,2025-12-10,2025-12-11,1.6931,1.6858,0.99568838,,1.148,-1.533,-75.339,-78.000,-8.323
159696,2025-12-11,2025-12-12,1.6858,1.6526,0.98030609,,0.472,-8.865,-155.998,-165.189,-6.319
159696,2025-12-12,2025-12-15,1.6526,1.6447,0.99521965,,1.050,11.250,143.132,153.477,3.599
159696,2025-12-15,2025-12-16,1.6447,1.6476,1.00176324,,-0.905,-4.441,77.074,73.510,-8.547
159696,2025-12-16,2025-12-17,1.6476,1.6154,0.98045642,,1.732,-3.793,-217.040,-222.444,-2.377
159696,2025-12-17,2025-12-18,1.6154,1.6398,1.01510462,,-1.204,4.891,349.461,355.770,0.213
159696,2025-12-18,2025-12-19,1.6398,1.6603,1.01250152,,-0.860,-8.651,-20.766,-28.541,-5.535
159696,2025-12-19,2025-12-22,1.6603,1.6683,1.00481841,,-0.523,9.545,-84.468,-74.484,2.595
159696,2025-12-22,2025-12-23,1.6683,1.6754,1.00425583,,-0.001,0.429,3.941,4.372,-6.944
159696,2025-12-23,2025-12-24,1.6754,1.6787,1.00196968,,0.389,4.230,-22.336,-18.504,-6.985
159696,2025-12-24,2025-12-25,1.6787,1.6769,0.99892774,,0.488,-5.895,0.488,-5.895,-10.723
159696,2025-12-25,2025-12-26,1.6769,1.6753,0.99904586,,-0.130,-1.123,-31.330,-32.320,-4.960
159696,2025-12-26,2025-12-29,1.6753,1.6669,0.99498597,,0.017,-6.236,-41.756,-47.983,-3.820
159696,2025-12-29,2025-12-30,1.6669,1.6632,0.99778031,,0.073,11.029,21.831,32.810,2.490
159696,2025-12-30,2025-12-31,1.6632,1.648,0.99086099,,0.612,0.334,-58.395,-58.671,-7.918
159696,2025-12-31,2026-01-05,1.648,1.6565,1.00515777,,-0.109,-0.245,162.205,162.067,-8.361
159696,2026-01-05,2026-01-06,1.6565,1.6707,1.00857229,,0.065,-10.044,16.367,6.241,-8.051
159696,2026-01-06,2026-01-07,1.6707,1.6719,1.00071826,,-0.348,0.223,-87.839,-87.273,1.647
159696,2026-01-07,2026-01-08,1.6719,1.6626,0.99443747,,0.182,11.448,-62.542,-51.347,1.607
159696,2026-01-08,2026-01-09,1.6626,1.6778,1.00914231,,-0.248,-7.228,159.488,152.397,-10.078
159696,2026-01-09,2026-01-12,1.6778,1.6787,1.00053642,,-0.087,-2.226,-92.445,-94.564,-2.939
159696,2026-01-12,2026-01-13,1.6787,1.6755,0.99809376,,-0.626,-3.763,-26.634,-29.763,-1.339
159696,2026-01-13,2026-01-14,1.6755,1.6581,0.98961504,,0.984,11.404,-88.680,-78.353,3.409
159696,2026-01-14,2026-01-15,1.6581,1.662,1.00235209,,-0.329,-10.311,140.258,130.136,-8.315
159696,2026-01-15,2026-01-16,1.662,1.6612,0.99951865,,0.165,6.019,-38.550,-32.719,2.163
159696,2026-01-16,2026-01-19,1.6612,1.6605,0.99957862,,-0.361,2.211,-0.361,2.211,-4.214
159696,2026-01-19,2026-01-20,1.6605,1.6242,0.97813911,,-0.140,-7.706,-205.489,-212.900,-6.564
159696,2026-01-20,2026-01-21,1.6242,1.6464,1.01366827,,-0.145,0.284,355.246,355.690,0.998
159696,2026-01-21,2026-01-22,1.6464,1.659,1.00765306,,0.091,13.677,-59.059,-45.554,0.806
159696,2026-01-22,2026-01-23,1.659,1.6626,1.00216998,,0.456,-0.100,-40.812,-41.366,-12.398
159696,2026-01-23,2026-01-26,1.6626,1.6675,1.00294719,,-0.254,-14.697,7.655,-6.799,-12.552
159696,2026-01-26,2026-01-27,1.6675,1.6825,1.00899550,,-0.307,16.609,45.520,62.514,1.840
159696,2026-01-27,2026-01-28,1.6825,1.6855,1.00178306,,0.604,-16.431,-54.991,-71.932,-14.141
159696,2026-01-28,2026-01-29,1.6855,1.6768,0.99483833,,-0.683,14.960,-85.640,-70.130,1.611
159696,2026-01-29,2026-01-30,1.6768,1.6534,0.98604485,,1.862,-13.907,-73.563,-89.213,-11.470
159696,2026-01-30,2026-02-02,1.6534,1.6657,1.00743922,,-0.936,14.004,202.763,218.007,1.503
159696,2026-02-02,2026-02-03,1.6657,1.638,0.98337035,,1.421,-0.289,-225.242,-226.914,-11.064
159696,2026-02-03,2026-02-04,1.638,1.6075,0.98137973,,0.960,-15.129,-20.532,-36.586,-9.815
159696,2026-02-04,2026-02-05,1.6075,1.5862,0.98674961,,-0.135,2.311,39.506,41.962,5.186
159696,2026-02-05,2026-02-06,1.5862,1.6204,1.02156096,,-1.992,10.521,355.180,368.140,0.883
159696,2026-02-06,2026-02-09,1.6204,1.6314,1.00678845,,0.865,0.586,-134.239,-134.514,-8.764
159696,2026-02-09,2026-02-10,1.6314,1.6209,0.99356381,,0.543,-5.930,-130.776,-137.163,-8.807
159696,2026-02-10,2026-02-11,1.6209,1.6252,1.00265285,,0.118,-5.497,85.495,79.833,-2.762
159696,2026-02-11,2026-02-12,1.6252,1.5925,0.97987940,,-0.069,11.171,-232.504,-221.525,2.668
159696,2026-02-12,2026-02-13,1.5925,1.5943,1.00113030,,1.535,-9.264,228.286,217.242,-6.961
159696,2026-02-13,2026-02-24,1.5943,1.6103,1.01003575,,-0.743,14.980,89.312,105.177,1.562
159696,2026-02-24,2026-02-25,1.6103,1.6308,1.01273055,,-0.037,-0.019,32.041,32.059,-13.435
159696,2026-02-25,2026-02-26,1.6308,1.6097,0.98706156,,0.215,-13.201,-253.481,-266.557,-13.201
159696,2026-02-26,2026-02-27,1.6097,1.6051,0.99714232,,1.118,-0.038,88.793,87.627,1.118
159696,2026-02-27,2026-03-02,1.6051,1.6073,1.00137063,,-0.495,22.084,42.366,65.042,0.661
159696,2026-03-02,2026-03-03,1.6073,1.5866,0.98712126,,1.414,-25.162,-120.529,-146.782,-19.965
159696,2026-03-03,2026-03-04,1.5866,1.6112,1.01550485,,-1.352,20.819,261.653,284.408,3.858
159696,2026-03-04,2026-03-05,1.6112,1.604,0.99553128,,1.395,-18.138,-176.276,-195.461,-15.534
159696,2026-03-05,2026-03-06,1.604,1.5804,0.98528678,,1.153,-15.477,-120.856,-137.283,3.761
159696,2026-03-06,2026-03-09,1.5804,1.6041,1.01499620,,-1.118,43.709,285.587,331.699,18.148
159696,2026-03-09,2026-03-10,1.6041,1.5996,0.99719469,,1.708,-14.336,-132.443,-148.272,-23.746
159696,2026-03-10,2026-03-11,1.5996,1.5987,0.99943736,,0.378,-15.130,8.121,-7.399,-9.045
159696,2026-03-11,2026-03-12,1.5987,1.572,0.98329893,,-0.189,-1.055,-176.361,-177.212,5.905
159696,2026-03-12,2026-03-13,1.572,1.5634,0.99452926,,0.681,0.397,113.144,112.856,7.643
159696,2026-03-13,2026-03-16,1.5634,1.582,1.01189715,,-0.978,20.196,175.038,196.585,6.267
159696,2026-03-16,2026-03-17,1.582,1.5879,1.00372946,,0.533,-5.833,-60.683,-67.010,-13.369
159696,2026-03-17,2026-03-18,1.5879,1.564,0.98494867,,0.315,-16.787,-192.834,-209.606,-7.225
159696,2026-03-18,2026-03-19,1.564,1.561,0.99808184,,-0.151,20.613,116.328,137.334,9.427
159696,2026-03-19,2026-03-20,1.561,1.5301,0.98020500,,0.710,-31.145,-158.868,-190.215,-10.454
159696,2026-03-20,2026-03-23,1.5301,1.5518,1.01418208,,-0.709,34.288,314.408,350.508,20.045
159696,2026-03-23,2026-03-24,1.5518,1.5378,0.99097822,,0.829,-8.730,-195.290,-204.661,-13.367
159696,2026-03-24,2026-03-25,1.5378,1.5473,1.00617766,,-0.429,-26.057,144.515,118.515,-5.070
159696,2026-03-25,2026-03-26,1.5473,1.5135,0.97815550,,-0.622,8.100,-303.832,-295.375,20.419
159696,2026-03-26,2026-03-27,1.5135,1.4861,0.98189627,,-0.547,-0.098,46.374,46.825,11.761
159696,2026-03-27,2026-03-30,1.4861,1.4762,0.99333827,,-0.843,15.212,116.430,132.673,11.016
159696,2026-03-30,2026-03-31,1.4762,1.526,1.03373527,,-1.064,19.218,422.510,443.651,-5.253
159696,2026-03-31,2026-04-01,1.526,1.5404,1.00943644,,1.206,-2.219,-216.293,-219.643,-23.221
159696,2026-04-01,2026-04-02,1.5404,1.5391,0.99915606,,1.959,-26.147,-104.039,-131.847,-19.052
159696,2026-04-02,2026-04-03,1.5391,1.5401,1.00064973,,-0.616,17.397,-0.616,17.397,6.497
159696,2026-04-03,2026-04-07,1.5401,1.5484,1.00538926,,-0.380,14.046,-6.789,7.627,-11.260
159696,2026-04-07,2026-04-08,1.5484,1.5893,1.02641436,,0.573,-20.195,285.811,264.451,-24.700
159696,2026-04-08,2026-04-09,1.5893,1.5999,1.00666960,,-0.600,-5.841,-212.173,-217.303,-5.114
159696,2026-04-09,2026-04-10,1.5999,1.6022,1.00143759,,-0.009,0.283,-57.785,-57.495,0.720
159696,2026-04-10,2026-04-13,1.6022,1.6191,1.01054800,,-1.403,8.363,91.259,101.116,-0.966
159696,2026-04-13,2026-04-14,1.6191,1.6467,1.01704651,,-0.576,-8.295,72.724,64.948,-9.897
159696,2026-04-14,2026-04-15,1.6467,1.6695,1.01384587,,-0.219,-6.776,-39.739,-46.271,-1.822
159696,2026-04-15,2026-04-16,1.6695,1.6784,1.00533094,,-0.676,3.407,-90.706,-86.660,4.282
159696,2026-04-16,2026-04-17,1.6784,1.7002,1.01298856,,0.100,-2.814,79.603,76.667,0.974
159696,2026-04-17,2026-04-20,1.7002,1.6955,0.99723562,,-0.646,11.018,-158.280,-146.800,3.143
159696,2026-04-20,2026-04-21,1.6955,1.6871,0.99504571,,-0.014,-13.849,-10.966,-24.786,-7.880
159696,2026-04-21,2026-04-22,1.6871,1.7172,1.01784127,,-0.547,3.244,214.924,218.797,5.430
159696,2026-04-22,2026-04-23,1.7172,1.7077,0.99446774,,-0.085,-1.395,-226.469,-227.749,2.101
159696,2026-04-23,2026-04-24,1.7077,1.7413,1.01967559,,-1.330,16.022,252.051,269.841,2.166
159696,2026-04-24,2026-04-27,1.7413,1.7391,0.99873658,,0.465,-14.825,-189.657,-204.657,-13.369
159696,2026-04-27,2026-04-28,1.7391,1.7218,0.99005233,,0.407,-0.904,-101.649,-102.947,1.865
159696,2026-04-28,2026-04-29,1.7218,1.7323,1.00609827,,-0.250,-0.395,161.153,161.005,2.520
159696,2026-04-29,2026-04-30,1.7323,1.7496,1.00998672,,-0.591,11.952,38.252,50.844,2.324
159696,2026-04-30,2026-05-06,1.7496,1.8209,1.04075217,,-0.284,1.039,109.618,110.956,-9.901
159696,2026-05-06,2026-05-07,1.8209,1.8167,0.99769345,,0.175,-12.951,-216.132,-228.975,-10.764
159696,2026-05-07,2026-05-08,1.8167,1.8597,1.02366929,,-0.463,6.840,247.071,254.554,1.727
159696,2026-05-08,2026-05-11,1.8597,1.8643,1.00247352,,0.554,1.434,-200.359,-199.497,-4.555
159696,2026-05-11,2026-05-12,1.8643,1.847,0.99072038,,0.406,-6.312,-115.824,-122.465,-5.582
159696,2026-05-12,2026-05-13,1.847,1.8663,1.01044938,,-0.196,4.920,192.700,197.915,0.534
159696,2026-05-13,2026-05-14,1.8663,1.879,1.00680491,,-0.187,-6.616,-31.165,-37.575,-4.571
159696,2026-05-14,2026-05-15,1.879,1.8508,0.98499202,,1.784,0.908,-223.127,-223.984,3.832
159696,2026-05-15,2026-05-18,1.8508,1.8429,0.99573158,,-0.677,11.023,109.950,121.779,2.246
159696,2026-05-18,2026-05-19,1.8429,1.8303,0.99316295,,0.889,-11.093,-14.802,-26.765,-7.879
159696,2026-05-19,2026-05-20,1.8303,1.8611,1.01682784,,-1.135,9.106,226.921,237.396,2.082
159696,2026-05-20,2026-05-21,1.8611,1.8638,1.00145075,,1.205,-9.321,-142.258,-152.634,-5.813
159696,2026-05-21,2026-05-22,1.8638,1.8722,1.00450692,,-0.818,10.746,21.168,32.757,2.694
159696,2026-05-22,2026-05-25,1.8722,1.8707,0.99919880,,0.032,-3.622,0.032,-3.622,-8.012
159696,2026-05-25,2026-05-26,1.8707,1.9027,1.01710590,,-0.732,-5.562,132.601,127.707,-5.123
159696,2026-05-26,2026-05-27,1.9027,1.901,0.99910653,,-0.124,7.789,-182.430,-174.661,0.315
159696,2026-05-27,2026-05-28,1.901,1.9155,1.00762756,,0.290,2.203,93.142,95.072,-7.178
159696,2026-05-28,2026-05-29,1.9155,1.9207,1.00271470,,0.398,-7.662,-46.565,-54.587,-8.981
159696,2026-05-29,2026-06-01,1.9207,1.9317,1.00572708,,-0.961,-5.213,22.358,18.095,-2.281
159696,2026-06-01,2026-06-02,1.9317,1.9415,1.00507325,,-0.304,3.070,-11.711,-8.341,2.630
159696,2026-06-02,2026-06-03,1.9415,1.9358,0.99706413,,0.226,-3.000,-76.641,-79.842,-0.214
159696,2026-06-03,2026-06-04,1.9358,1.9264,0.99514413,,2.139,11.679,-22.251,-12.735,4.926
159696,2026-06-04,2026-06-05,1.9264,1.8337,0.95187915,,2.243,-10.512,-423.590,-435.802,-4.503
159696,2026-06-05,2026-06-08,1.8337,1.8635,1.01625130,,-1.276,12.226,665.041,679.443,4.739
159696,2026-06-08,2026-06-09,1.8635,1.8413,0.98808693,,0.377,-4.608,-265.253,-270.105,-7.101
159696,2026-06-09,2026-06-10,1.8413,1.8045,0.98001412,,0.808,-4.621,-86.272,-91.653,-1.687
159696,2026-06-10,2026-06-11,1.8045,1.864,1.03297312,,-2.307,6.648,535.519,544.956,0.628
159696,2026-06-11,2026-06-12,1.864,1.875,1.00590129,,0.618,-2.316,-255.603,-258.462,-5.399
159696,2026-06-12,2026-06-15,1.875,1.9317,1.03024000,,-0.773,-6.792,239.587,233.424,-3.856
159696,2026-06-15,2026-06-16,1.9317,1.896,0.98151887,,0.834,5.535,-479.381,-474.906,3.772
159696,2026-06-16,2026-06-17,1.896,1.8762,0.98955696,,-3.556,-10.306,87.475,80.664,-5.318
159696,2026-06-17,2026-06-18,1.8762,1.9234,1.02515723,,-1.309,0.747,349.083,351.212,3.683
159696,2026-06-18,2026-06-22,1.9234,1.9201,0.99828429,,-0.648,-0.794,-261.407,-261.549,2.287
159696,2026-06-22,2026-06-23,1.9201,1.8574,0.96734545,,-0.069,-0.508,-310.689,-311.115,3.012
159696,2026-06-23,2026-06-24,1.8574,1.8499,0.99596210,,-0.540,0.927,295.303,296.814,2.980
159696,2026-06-24,2026-06-25,1.8499,1.8641,1.00767609,,-0.682,7.680,118.553,127.014,1.371
159696,2026-06-25,2026-06-26,1.8641,1.8425,0.98841264,,-0.240,-7.863,-183.634,-191.118,-6.544
159696,2026-06-26,2026-06-29,1.8425,1.8843,1.02268657,,0.051,11.063,338.621,350.006,1.371
159696,2026-06-29,2026-06-30,1.8843,1.9141,1.01581489,,-0.465,-3.981,-56.204,-59.701,-10.145
159696,2026-06-30,2026-07-01,1.9141,1.8837,0.98411786,,1.594,-7.656,-315.892,-324.849,-4.573
159696,2026-07-01,2026-07-02,1.8837,1.8537,0.98407390,,-1.320,7.791,-8.103,1.002,1.765
159696,2026-07-02,2026-07-03,1.8537,1.8526,0.99940659,,0.088,-8.724,0.088,-8.724,-5.934
159696,2026-07-03,2026-07-06,1.8526,1.8765,1.01290079,,0.477,5.033,291.877,296.566,3.270
159696,2026-07-06,2026-07-07,1.8765,1.8429,0.98209432,,-0.606,-5.746,-299.261,-304.248,-2.369
159696,2026-07-07,2026-07-08,1.8429,1.8485,1.00303869,,-0.266,9.142,207.393,216.996,3.113
159696,2026-07-08,2026-07-09,1.8485,1.8773,1.01558020,,-0.295,0.591,134.291,135.189,-6.317
159696,2026-07-09,2026-07-10,1.8773,1.8822,1.00261013,,0.062,-4.347,-127.127,-131.480,-6.846
159696,2026-07-10,2026-07-13,1.8822,1.8463,0.98092658,,-0.184,-5.332,-220.524,-225.557,-2.685
159696,2026-07-13,2026-07-14,1.8463,1.8671,1.01126577,,-0.116,14.316,303.795,318.665,2.533
159696,2026-07-14,2026-07-15,1.8671,1.8596,0.99598308,,-0.150,-11.769,-137.025,-148.485,-11.916
159696,2026-07-15,2026-07-16,1.8596,1.8295,0.98381372,,-0.096,-3.924,-133.810,-137.586,-0.244
159696,2026-07-16,2026-07-17,1.8295,1.8028,0.98540585,,-0.358,1.263,12.253,13.875,3.324
159696,2026-07-17,2026-07-20,1.8028,1.8038,1.00055469,,-0.561,6.065,155.014,161.743,1.500
159696,2026-07-20,2026-07-21,1.8038,1.8376,1.01873822,,-0.568,-7.484,187.910,180.863,-5.130
159696,2026-07-21,2026-07-22,1.8376,1.8282,0.99488463,,0.382,6.715,-241.458,-235.278,2.738
159696,2026-07-22,2026-07-23,1.8282,1.7932,0.98085549,,-0.195,-9.025,-134.392,-143.103,-4.170
159696,2026-07-23,2026-07-24,1.7932,1.7735,0.98901405,,0.070,9.055,74.078,83.129,4.930
159696,2026-07-24,2026-07-27,1.7735,1.7671,0.99639132,,-0.293,-6.915,83.715,77.036,-4.414
159696,2026-07-27,2026-07-28,1.7671,1.7503,0.99049290,,0.921,7.697,-66.072,-59.342,3.425
159696,2026-07-28,2026-07-29,1.7503,1.7136,0.97903217,,0.109,-3.130,-108.099,-111.303,-4.160
159696,2026-07-29,2026-07-30,1.7136,1.7708,1.03338002,,-1.232,-2.557,551.815,550.416,-2.263
159696,2026-07-30,2026-07-31,1.7708,1.7814,1.00598600,,-0.152,-0.446,-267.581,-267.868,0.143
159696,2026-07-31,2026-08-03,1.7814,1.813,1.01773886,,-0.957,-3.165,116.378,114.144,-0.368
159696,2026-08-03,2026-08-04,1.813,1.8736,1.03342526,,-0.944,5.979,150.916,157.944,1.854
159696,2026-08-04,2026-08-05,1.8736,1.8574,0.99135354,,0.149,-4.857,-401.374,-406.179,-3.973
159696,2026-08-05,2026-08-06,1.8574,1.8503,0.99617745,,-0.291,-0.733,43.779,43.336,0.593
159696,2026-08-06,2026-08-07,1.8503,1.8724,1.01194401,,-0.698,3.574,157.526,161.866,0.628
159696,2026-08-07,2026-08-10,1.8724,1.8657,0.99642170,,0.969,-4.333,-149.872,-155.093,-1.977
159696,2026-08-10,2026-08-11,1.8657,1.86,0.99694485,,-0.385,4.624,0.915,5.925,1.971
159696,2026-08-11,2026-08-12,1.86,1.8732,1.00709677,,0.101,-3.434,106.501,102.929,-2.550
159696,2026-08-12,2026-08-13,1.8732,1.8948,1.01153107,,-0.530,1.827,40.582,42.949,0.354
159696,2026-08-13,2026-08-14,1.8948,1.8922,0.99862782,,0.501,-0.236,-125.758,-126.485,-0.972
159696,2026-08-14,2026-08-17,1.8922,1.8888,0.99820315,,-0.340,-5.788,-4.488,-9.934,-1.076
159696,2026-08-17,2026-08-18,1.8888,1.8579,0.98364041,,-0.067,12.168,-151.593,-139.544,4.648
159696,2026-08-18,2026-08-19,1.8579,1.8524,0.99703967,,-0.089,-0.821,148.555,147.812,-7.600
159696,2026-08-19,2026-08-20,1.8524,1.838,0.99222630,,1.341,-6.765,-49.094,-57.159,-5.439
159696,2026-08-20,2026-08-21,1.838,1.8444,1.00348205,,0.727,-1.484,106.597,104.363,2.055
159696,2026-08-21,2026-08-24,1.8444,1.8269,0.99051182,,-0.923,0.994,-130.717,-128.825,2.616
159696,2026-08-24,2026-08-25,1.8269,1.8389,1.00656850,,-0.050,4.962,163.115,168.210,1.571
159696,2026-08-25,2026-08-26,1.8389,1.8392,1.00016314,,-0.212,-5.222,-58.705,-63.686,-3.601
159696,2026-08-26,2026-08-27,1.8392,1.8657,1.01440844,,-0.259,5.640,137.133,143.113,1.363
159696,2026-08-27,2026-08-28,1.8657,1.8519,0.99260331,,0.497,-6.283,-209.435,-216.073,-3.778
159696,2026-08-28,2026-08-31,1.8519,1.8537,1.00097197,,-0.786,4.523,77.974,83.325,1.721
159696,2026-08-31,2026-09-01,1.8537,1.8293,0.98683714,,0.054,-5.695,-136.752,-142.422,-2.747
159696,2026-09-01,2026-09-02,1.8293,1.834,1.00256929,,0.001,6.196,153.634,159.924,2.950
159696,2026-09-02,2026-09-03,1.834,1.8548,1.01134133,,0.372,0.078,93.745,93.449,-2.872
159696,2026-09-03,2026-09-04,1.8548,1.8583,1.00188700,,0.849,-3.281,-93.406,-97.496,-2.101
159696,2026-09-04,2026-09-07,1.8583,1.8585,1.00010763,,-0.104,-0.251,-0.104,-0.251,1.076
159696,2026-09-07,2026-09-08,1.8585,1.8564,0.99887006,,-0.285,6.208,-33.530,-27.059,1.043
159696,2026-09-08,2026-09-09,1.8564,1.85,0.99655247,,-0.133,-4.853,-17.009,-21.720,-5.295
159696,2026-09-09,2026-09-10,1.85,1.8301,0.98924324,,0.979,3.931,-78.162,-75.233,0.536
159696,2026-09-10,2026-09-11,1.8301,1.8461,1.00874269,,-0.177,3.074,201.124,204.440,-3.571
159501,2025-01-02,2025-01-03,1.4176,1.4413,1.01671840,,0.204,0.343,,,0.065
159501,2025-01-03,2025-01-06,1.4413,1.457,1.01089294,,-0.202,-0.898,-56.955,-57.647,-0.480
159501,2025-01-06,2025-01-07,1.457,1.431,0.98215511,,0.401,-0.294,-285.154,-285.829,0.819
159501,2025-01-07,2025-01-08,1.431,1.4318,1.00055905,,0.736,1.988,187.083,188.359,1.849
159501,2025-01-08,2025-01-09,1.4318,1.4317,0.99993016,,-0.559,-1.394,-0.559,-1.394,-0.698
159501,2025-01-09,2025-01-10,1.4317,1.4094,0.98442411,,0.968,2.498,-160.124,-158.618,1.663
159501,2025-01-10,2025-01-13,1.4094,1.405,0.99687810,,-0.235,-0.096,129.040,129.181,-1.070
159501,2025-01-13,2025-01-14,1.405,1.403,0.99857651,,-0.123,-1.792,16.941,15.269,-1.097
159501,2025-01-14,2025-01-15,1.403,1.4355,1.02316465,,-0.508,0.466,244.395,245.393,0.187
159501,2025-01-15,2025-01-16,1.4355,1.4255,0.99303379,,-0.361,-1.752,-294.035,-295.385,-0.639
159501,2025-01-16,2025-01-17,1.4255,1.4492,1.01662575,,-0.759,0.771,235.781,237.348,0.353
159501,2025-01-17,2025-01-20,1.4492,1.4491,0.99993100,,-0.273,24.830,-0.273,24.830,-0.690
159501,2025-01-20,2025-01-21,1.4491,1.4539,1.00331240,,0.262,-24.222,-105.419,-129.644,-25.196
159501,2025-01-21,2025-01-22,1.4539,1.473,1.01313708,,-0.474,-3.123,73.463,70.794,-1.450
159501,2025-01-22,2025-01-23,1.473,1.4764,1.00230821,,-0.527,1.565,-109.974,-107.905,1.147
159501,2025-01-23,2025-01-24,1.4764,1.4678,0.99417502,,0.119,0.677,-79.592,-79.039,-0.300
159501,2025-01-24,2025-01-27,1.4678,1.4242,0.97029568,,0.952,0.673,-239.532,-239.804,-0.025
159501,2025-01-27,2025-02-05,1.4242,1.4595,1.02478584,,-2.638,-3.056,346.982,346.549,-3.335
159501,2025-02-05,2025-02-06,1.4595,1.4672,1.00527578,,-0.477,-1.872,10.687,9.291,-0.756
159501,2025-02-06,2025-02-07,1.4672,1.4485,0.98725463,,1.323,1.323,-181.104,-181.104,2.439
159501,2025-02-07,2025-02-10,1.4485,1.4665,1.01242665,,-0.360,-0.499,256.327,256.184,0.756
159501,2025-02-10,2025-02-11,1.4665,1.4625,0.99727242,,0.527,2.619,-150.174,-148.113,1.782
159501,2025-02-11,2025-02-12,1.4625,1.464,1.00102564,,-0.770,-2.862,40.264,38.164,-1.607
159501,2025-02-12,2025-02-13,1.464,1.4851,1.01441257,,-0.538,2.530,130.832,133.941,0.717
159501,2025-02-13,2025-02-14,1.4851,1.4907,1.00377079,,1.403,0.148,-102.402,-103.644,-0.410
159501,2025-02-14,2025-02-17,1.4907,1.4905,0.99986583,,-0.784,-0.644,-0.784,-0.644,-1.342
159501,2025-02-17,2025-02-18,1.4905,1.4937,1.00214693,,-0.404,-2.217,-15.891,-17.701,-1.101
159501,2025-02-18,2025-02-19,1.4937,1.4946,1.00060253,,-0.049,0.090,-17.624,-17.485,1.066
159501,2025-02-19,2025-02-20,1.4946,1.4877,0.99538338,,1.364,4.572,-52.070,-48.879,2.340
159501,2025-02-20,2025-02-21,1.4877,1.4568,0.97922968,,0.204,-4.954,-157.788,-162.866,-2.027
159501,2025-02-21,2025-02-24,1.4568,1.4396,0.98819330,,0.260,1.934,86.538,88.226,3.189
159501,2025-02-24,2025-02-25,1.4396,1.4219,0.98770492,,-0.162,0.256,-3.009,-2.591,1.093
159501,2025-02-25,2025-02-26,1.4219,1.4251,1.00225051,,0.009,-0.270,147.527,147.244,0.846
159501,2025-02-26,2025-02-27,1.4251,1.386,0.97256333,,-0.068,1.326,-296.467,-295.114,1.048
159501,2025-02-27,2025-02-28,1.386,1.4085,1.01623377,,0.355,-0.899,450.410,449.099,0.076
159501,2025-02-28,2025-03-03,1.4085,1.3777,0.97813277,,0.075,1.887,-375.789,-374.045,1.050
159501,2025-03-03,2025-03-04,1.3777,1.3727,0.99637076,,0.306,2.956,188.379,191.079,-0.530
159501,2025-03-04,2025-03-05,1.3727,1.3908,1.01318569,,-0.184,-0.601,171.767,171.343,-3.669
159501,2025-03-05,2025-03-06,1.3908,1.3518,0.97195858,,1.761,-3.120,-407.482,-412.164,-1.307
159501,2025-03-06,2025-03-07,1.3518,1.3622,1.00769345,,0.926,-1.165,364.424,362.257,2.739
159501,2025-03-07,2025-03-10,1.3622,1.3108,0.96226692,,0.295,3.084,-451.910,-449.246,4.200
159501,2025-03-10,2025-03-11,1.3108,1.3073,0.99732987,,-0.028,7.365,367.575,375.239,1.087
159501,2025-03-11,2025-03-12,1.3073,1.3212,1.01063260,,-0.378,-11.109,140.846,129.964,-6.651
159501,2025-03-12,2025-03-13,1.3212,1.2969,0.98160763,,0.802,3.871,-297.986,-295.009,5.265
159501,2025-03-13,2025-03-14,1.2969,1.3294,1.02505976,,-0.062,8.308,446.705,455.448,1.333
159501,2025-03-14,2025-03-17,1.3294,1.3357,1.00473898,,-0.208,-13.446,-190.096,-203.083,-7.177
159501,2025-03-17,2025-03-18,1.3357,1.3144,0.98405331,,0.364,11.666,-219.050,-207.997,6.642
159501,2025-03-18,2025-03-19,1.3144,1.3307,1.01240110,,-0.902,-13.860,300.074,286.727,-5.920
159501,2025-03-19,2025-03-20,1.3307,1.3278,0.99782070,,0.200,7.313,-157.678,-150.677,8.150
159501,2025-03-20,2025-03-21,1.3278,1.333,1.00391625,,-0.481,-2.431,68.447,66.483,0.356
159501,2025-03-21,2025-03-24,1.333,1.362,1.02175544,,-1.158,0.514,175.222,176.924,1.628
159501,2025-03-24,2025-03-25,1.362,1.3693,1.00535977,,-0.734,5.119,-159.960,-154.200,0.381
159501,2025-03-25,2025-03-26,1.3693,1.3437,0.98130432,,0.491,-5.499,-234.275,-240.125,-4.245
159501,2025-03-26,2025-03-27,1.3437,1.3358,0.99412071,,-0.612,2.176,125.035,127.858,0.643
159501,2025-03-27,2025-03-28,1.3358,1.3007,0.97372361,,-0.032,-5.743,-203.046,-208.642,-1.564
159501,2025-03-28,2025-03-31,1.3007,1.301,1.00023065,,-0.344,4.813,266.324,271.618,3.837
159501,2025-03-31,2025-04-01,1.301,1.3115,1.00807071,,-0.249,-3.731,83.233,79.722,-1.224
159501,2025-04-01,2025-04-02,1.3115,1.3217,1.00777735,,0.456,-10.394,-6.640,-17.482,2.964
159501,2025-04-02,2025-04-03,1.3217,1.2519,0.94718923,,0.757,1.470,-610.975,-610.306,14.130
159501,2025-04-03,2025-04-07,1.2519,1.1795,0.94216790,,-1.375,3.221,591.061,595.930,11.281
159501,2025-04-07,2025-04-08,1.1795,1.1569,0.98083934,,-4.370,-0.202,-218.052,-213.974,3.684
159501,2025-04-08,2025-04-09,1.1569,1.2962,1.12040799,,-2.235,-1.956,1422.720,1423.039,1.651
159501,2025-04-09,2025-04-10,1.2962,1.2424,0.95849406,,0.130,4.432,-1446.807,-1443.128,3.738
159501,2025-04-10,2025-04-11,1.2424,1.2657,1.01875402,,-0.625,-4.508,633.404,629.276,-1.318
159501,2025-04-11,2025-04-14,1.2657,1.2733,1.00600458,,0.138,5.271,-129.599,-124.532,3.328
159501,2025-04-14,2025-04-15,1.2733,1.2753,1.00157072,,-0.548,-7.617,-38.826,-45.869,-2.489
159501,2025-04-15,2025-04-16,1.2753,1.2372,0.97012468,,0.362,12.156,-321.345,-309.930,5.494
159501,2025-04-16,2025-04-17,1.2372,1.2363,0.99927255,,-0.867,-5.302,312.977,308.402,-7.521
159501,2025-04-17,2025-04-18,1.2363,1.236,0.99975734,,-0.207,-0.484,-0.207,-0.484,-2.427
159501,2025-04-18,2025-04-21,1.236,1.2053,0.97516181,,-0.140,-4.718,-246.728,-251.193,-2.082
159501,2025-04-21,2025-04-22,1.2053,1.2372,1.02646644,,-0.879,-4.067,521.148,517.793,1.758
159501,2025-04-22,2025-04-23,1.2372,1.2661,1.02335920,,-0.439,7.886,-34.326,-26.029,5.388
159501,2025-04-23,2025-04-24,1.2661,1.301,1.02756496,,-0.554,1.389,49.016,50.969,-3.050
159501,2025-04-24,2025-04-25,1.301,1.3151,1.01083782,,-0.666,-1.913,-161.418,-162.645,-5.104
159501,2025-04-25,2025-04-28,1.3151,1.3142,0.99931564,,-0.942,-2.190,-115.877,-117.111,-4.133
159501,2025-04-28,2025-04-29,1.3142,1.3219,1.00585908,,-0.018,0.121,63.275,63.415,-1.962
159501,2025-04-29,2025-04-30,1.3219,1.3234,1.00113473,,0.094,-1.155,-46.848,-48.092,-1.989
159501,2025-04-30,2025-05-06,1.3234,1.3381,1.01110775,,-0.647,-1.064,-102.285,-102.698,-1.480
159501,2025-05-06,2025-05-07,1.3381,1.3432,1.00381137,,-0.186,-10.037,128.107,118.129,-0.603
159501,2025-05-07,2025-05-08,1.3432,1.3576,1.01072067,,-0.772,5.617,58.724,65.151,8.671
159501,2025-05-08,2025-05-09,1.3576,1.3579,1.00022098,,0.214,7.292,-98.324,-91.316,3.267
159501,2025-05-09,2025-05-12,1.3579,1.412,1.03984093,,0.461,6.852,403.693,410.342,-3.562
159501,2025-05-12,2025-05-13,1.412,1.4327,1.01466006,,-0.737,-6.285,-235.474,-240.892,-11.144
159501,2025-05-13,2025-05-14,1.4327,1.4402,1.00523487,,-0.084,-5.917,-99.117,-104.893,-4.945
159501,2025-05-14,2025-05-15,1.4402,1.4417,1.00104152,,1.649,6.098,-47.608,-43.181,2.622
159501,2025-05-15,2025-05-16,1.4417,1.4476,1.00409239,,1.232,0.816,36.594,36.176,-2.243
159501,2025-05-16,2025-05-19,1.4476,1.4486,1.00069080,,1.050,-4.093,-33.064,-38.190,-2.008
159501,2025-05-19,2025-05-20,1.4486,1.4435,0.99647936,,-0.133,1.119,-46.161,-44.916,1.953
159501,2025-05-20,2025-05-21,1.4435,1.4242,0.98662972,,-0.207,5.356,-97.737,-92.228,0.627
159501,2025-05-21,2025-05-22,1.4242,1.4256,1.00098301,,-0.668,-7.617,150.912,143.857,-5.394
159501,2025-05-22,2025-05-23,1.4256,1.4127,0.99095118,,0.537,14.738,-107.761,-93.714,2.762
159501,2025-05-23,2025-05-26,1.4127,1.4109,0.99872584,,-0.785,-18.716,-0.785,-18.716,-12.742
159501,2025-05-26,2025-05-27,1.4109,1.4453,1.02438160,,-1.028,2.453,334.026,337.623,4.958
159501,2025-05-27,2025-05-28,1.4453,1.4392,0.99577942,,0.515,1.211,-276.830,-276.153,3.019
159501,2025-05-28,2025-05-29,1.4392,1.4425,1.00229294,,-0.357,9.665,66.630,76.718,1.452
159501,2025-05-29,2025-05-30,1.4425,1.4398,0.99812825,,0.226,-10.899,-31.927,-43.016,-7.979
159501,2025-05-30,2025-06-03,1.4398,1.4618,1.01527990,,-0.846,-0.289,89.477,90.039,2.076
159501,2025-06-03,2025-06-04,1.4618,1.4663,1.00307840,,1.016,6.305,-50.672,-45.410,3.382
159501,2025-06-04,2025-06-05,1.4663,1.4541,0.99167974,,0.024,-0.114,-107.403,-107.540,-2.897
159501,2025-06-05,2025-06-06,1.4541,1.4683,1.00976549,,0.973,-3.201,182.259,178.009,-1.810
159501,2025-06-06,2025-06-09,1.4683,1.4709,1.00177076,,-0.266,3.214,-82.350,-78.899,1.126
159501,2025-06-09,2025-06-10,1.4709,1.4803,1.00639065,,-0.076,1.317,49.346,50.746,-2.164
159501,2025-06-10,2025-06-11,1.4803,1.4743,0.99594677,,-0.095,-1.905,-102.473,-104.263,-3.575
159501,2025-06-11,2025-06-12,1.4743,1.4775,1.00217052,,-0.643,2.004,60.574,63.238,-2.314
159501,2025-06-12,2025-06-13,1.4775,1.458,0.98680203,,1.114,-5.572,-151.379,-157.962,-3.204
159501,2025-06-13,2025-06-16,1.458,1.4789,1.01433471,,-0.753,7.610,273.282,281.874,1.616
159501,2025-06-16,2025-06-17,1.4789,1.4633,0.98945162,,0.043,-8.036,-237.891,-245.778,-5.947
159501,2025-06-17,2025-06-18,1.4633,1.4636,1.00020502,,-0.321,6.231,100.557,107.176,1.769
159501,2025-06-18,2025-06-19,1.4636,1.4629,0.99952173,,-0.324,-0.043,-0.324,-0.043,-4.783
159501,2025-06-19,2025-06-20,1.4629,1.456,0.99528334,,0.512,-6.319,-42.726,-49.528,-4.228
159501,2025-06-20,2025-06-23,1.456,1.4717,1.01078297,,-0.602,9.027,149.313,159.087,1.490
159501,2025-06-23,2025-06-24,1.4717,1.493,1.01447306,,-0.519,-9.722,45.567,36.322,-8.049
159501,2025-06-24,2025-06-25,1.493,1.4964,1.00227729,,-0.184,8.193,-129.823,-121.554,1.490
159501,2025-06-25,2025-06-26,1.4964,1.5094,1.00868752,,-0.591,-8.264,72.202,64.473,-7.288
159501,2025-06-26,2025-06-27,1.5094,1.5154,1.00397509,,0.052,6.758,-54.944,-48.276,1.030
159501,2025-06-27,2025-06-30,1.5154,1.5242,1.00580705,,-0.428,1.112,25.017,26.562,-6.152
159501,2025-06-30,2025-07-01,1.5242,1.5096,0.99042120,,-0.018,-8.958,-151.875,-160.679,-7.282
159501,2025-07-01,2025-07-02,1.5096,1.5209,1.00748543,,0.314,5.208,163.181,168.154,1.991
159501,2025-07-02,2025-07-03,1.5209,1.5355,1.00959958,,-0.165,-5.056,26.203,21.298,-3.379
159501,2025-07-03,2025-07-04,1.5355,1.5358,1.00019538,,0.276,6.010,0.276,6.010,1.954
159501,2025-07-04,2025-07-07,1.5358,1.5229,0.99160047,,-0.651,-8.617,-177.617,-185.442,-4.704
159501,2025-07-07,2025-07-08,1.5229,1.5246,1.00111629,,-0.108,2.829,87.265,90.228,3.807
159501,2025-07-08,2025-07-09,1.5246,1.5356,1.00721501,,-0.481,4.832,63.765,69.113,0.497
159501,2025-07-09,2025-07-10,1.5356,1.5326,0.99804637,,0.382,0.944,-86.241,-85.684,-3.951
159501,2025-07-10,2025-07-11,1.5326,1.5285,0.99732481,,-0.555,-7.686,-6.286,-13.413,-5.449
159501,2025-07-11,2025-07-14,1.5285,1.5338,1.00346745,,-0.506,0.754,53.858,55.124,1.733
159501,2025-07-14,2025-07-15,1.5338,1.5358,1.00130395,,-0.611,-3.547,-20.808,-23.738,0.368
159501,2025-07-15,2025-07-16,1.5358,1.5379,1.00136737,,-0.462,12.553,-2.914,10.098,3.454
159501,2025-07-16,2025-07-17,1.5379,1.5479,1.00650237,,-1.365,-15.621,63.897,49.548,-10.452
159501,2025-07-17,2025-07-18,1.5479,1.5478,0.99993540,,0.930,2.751,-80.765,-78.959,6.108
159501,2025-07-18,2025-07-21,1.5478,1.556,1.00529784,,-0.075,11.961,56.393,68.497,3.282
159501,2025-07-21,2025-07-22,1.556,1.5468,0.99408740,,-0.252,-2.485,-99.686,-101.897,-8.921
159501,2025-07-22,2025-07-23,1.5468,1.5524,1.00362038,,-0.182,-2.559,93.388,90.988,-6.619
159501,2025-07-23,2025-07-24,1.5524,1.5556,1.00206132,,-0.119,-8.938,-18.089,-26.893,-4.180
159501,2025-07-24,2025-07-25,1.5556,1.5598,1.00269992,,-0.336,-2.293,-2.571,-4.527,4.427
159501,2025-07-25,2025-07-28,1.5598,1.5664,1.00423131,,-0.533,0.031,12.976,13.541,6.188
159501,2025-07-28,2025-07-29,1.5664,1.5642,0.99859551,,0.350,16.311,-56.090,-40.218,6.507
159501,2025-07-29,2025-07-30,1.5642,1.5651,1.00057537,,-0.363,-17.557,36.170,18.913,-10.151
159501,2025-07-30,2025-07-31,1.5651,1.5579,0.99539965,,1.148,8.288,-69.194,-62.104,8.568
159501,2025-07-31,2025-08-01,1.5579,1.5275,0.98048655,,0.487,14.914,-141.656,-127.434,0.766
159501,2025-08-01,2025-08-04,1.5275,1.5536,1.01708674,,-1.551,-11.618,388.757,378.297,-15.675
159501,2025-08-04,2025-08-05,1.5536,1.5416,0.99227600,,0.127,-9.955,-255.274,-265.098,-3.935
159501,2025-08-05,2025-08-06,1.5416,1.5623,1.01342761,,-0.619,14.381,202.996,218.301,5.406
159501,2025-08-06,2025-08-07,1.5623,1.5659,1.00230429,,0.085,-14.057,-95.536,-109.542,-8.878
159501,2025-08-07,2025-08-08,1.5659,1.5816,1.01002618,,0.221,2.185,62.876,64.852,5.407
159501,2025-08-08,2025-08-11,1.5816,1.5765,0.99677542,,0.392,1.793,-129.036,-127.653,3.614
159501,2025-08-11,2025-08-12,1.5765,1.5976,1.01338408,,-0.851,10.501,168.447,179.991,0.970
159501,2025-08-12,2025-08-13,1.5976,1.5967,0.99943665,,-0.236,-7.937,-127.275,-134.878,-9.757
159501,2025-08-13,2025-08-14,1.5967,1.5954,0.99918582,,0.640,-5.945,-10.444,-17.022,-1.182
159501,2025-08-14,2025-08-15,1.5954,1.5881,0.99542434,,0.008,11.648,-43.568,-31.980,4.774
159501,2025-08-15,2025-08-18,1.5881,1.5871,0.99937032,,-0.144,-12.190,51.335,39.226,-7.009
159501,2025-08-18,2025-08-19,1.5871,1.5659,0.98664230,,0.042,1.725,-139.396,-137.735,5.229
159501,2025-08-19,2025-08-20,1.5659,1.5574,0.99457181,,0.051,17.166,82.108,99.364,3.554
159501,2025-08-20,2025-08-21,1.5574,1.5483,0.99415693,,1.120,-17.231,12.987,-5.386,-12.470
159501,2025-08-21,2025-08-22,1.5483,1.5728,1.01582381,,-0.231,27.033,200.335,228.146,4.538
159501,2025-08-22,2025-08-25,1.5728,1.5644,0.99465921,,-0.182,-26.400,-181.880,-207.621,-22.616
159501,2025-08-25,2025-08-26,1.5644,1.5715,1.00453848,,-0.977,14.070,72.661,87.819,2.817
159501,2025-08-26,2025-08-27,1.5715,1.5724,1.00057270,,-0.257,-5.169,-25.464,-30.364,-11.494
159501,2025-08-27,2025-08-28,1.5724,1.5805,1.00515136,,-0.508,-2.193,40.568,38.875,-6.836
159501,2025-08-28,2025-08-29,1.5805,1.5606,0.98740905,,0.194,-10.357,-178.668,-189.030,-4.450
159501,2025-08-29,2025-09-01,1.5606,1.5614,1.00051262,,-0.786,2.734,-0.786,2.734,5.126
159501,2025-09-01,2025-09-02,1.5614,1.5496,0.99244268,,0.773,0.492,44.103,43.821,3.165
159501,2025-09-02,2025-09-03,1.5496,1.5622,1.00813113,,-0.467,10.089,158.579,169.303,2.206
159501,2025-09-03,2025-09-04,1.5622,1.5756,1.00857765,,0.545,-9.019,14.523,4.946,-7.331
159501,2025-09-04,2025-09-05,1.5756,1.5773,1.00107895,,0.877,7.495,-83.301,-76.739,2.566
159501,2025-09-05,2025-09-08,1.5773,1.5838,1.00412097,,-0.289,-2.258,37.905,35.928,-5.214
159501,2025-09-08,2025-09-09,1.5838,1.5885,1.00296755,,0.027,-10.526,-13.742,-24.281,-2.930
159501,2025-09-09,2025-09-10,1.5885,1.5903,1.00113314,,-0.248,11.301,-28.797,-17.281,7.356
159501,2025-09-10,2025-09-11,1.5903,1.5992,1.00559643,,-0.152,-1.981,55.934,54.094,-4.093
159501,2025-09-11,2025-09-12,1.5992,1.6054,1.00387694,,-0.633,-7.950,-19.077,-26.381,-2.745
159501,2025-09-12,2025-09-15,1.6054,1.6197,1.00890744,,0.145,9.440,42.121,51.455,5.355
159501,2025-09-15,2025-09-16,1.6197,1.6177,0.99876520,,-0.231,-2.342,-91.182,-93.273,-4.312
159501,2025-09-16,2025-09-17,1.6177,1.614,0.99771280,,-0.077,-12.174,-12.876,-24.959,-2.048
159501,2025-09-17,2025-09-18,1.614,1.631,1.01053284,,-0.347,3.740,116.164,120.298,9.791
159501,2025-09-18,2025-09-19,1.631,1.6434,1.00760270,,-0.135,9.009,-25.267,-16.145,5.914
159501,2025-09-19,2025-09-22,1.6434,1.6519,1.00517220,,0.085,3.886,-15.134,-11.339,-3.008
159501,2025-09-22,2025-09-23,1.6519,1.6387,0.99200920,,-0.009,-9.712,-127.118,-136.697,-6.900
159501,2025-09-23,2025-09-24,1.6387,1.634,0.99713187,,-0.325,-3.277,41.877,38.913,2.490
159501,2025-09-24,2025-09-25,1.634,1.6277,0.99614443,,-0.937,0.050,-13.176,-12.190,4.830
159501,2025-09-25,2025-09-26,1.6277,1.6355,1.00479204,,-0.547,13.099,86.861,100.626,4.233
159501,2025-09-26,2025-09-29,1.6355,1.6411,1.00342403,,-0.735,-4.808,-0.534,-4.607,-9.588
159501,2025-09-29,2025-09-30,1.6411,1.6448,1.00225459,,-0.546,-11.936,-16.457,-27.828,-5.329
159501,2025-09-30,2025-10-09,1.6448,1.6737,1.01757053,,-0.458,13.761,-43.518,-29.360,6.156
159501,2025-10-09,2025-10-10,1.6737,1.614,0.96433053,,-0.171,-1.996,-334.585,-336.349,-7.765
159501,2025-10-10,2025-10-13,1.614,1.6481,1.02112763,,-0.998,-8.738,586.866,578.671,-6.768
159501,2025-10-13,2025-10-14,1.6481,1.637,0.99326497,,-0.248,5.386,-281.361,-275.885,1.724
159501,2025-10-14,2025-10-15,1.637,1.6474,1.00635308,,-0.334,-0.192,137.226,137.370,-3.995
159501,2025-10-15,2025-10-16,1.6474,1.6408,0.99599369,,-0.665,-1.792,-103.130,-104.244,-4.468
159501,2025-10-16,2025-10-17,1.6408,1.651,1.00621648,,-0.316,-6.374,100.829,94.710,-2.993
159501,2025-10-17,2025-10-20,1.651,1.6729,1.01326469,,-0.943,8.503,63.628,73.135,2.439
159501,2025-10-20,2025-10-21,1.6729,1.6709,0.99880447,,-0.376,-9.814,-134.328,-143.640,-6.434
159501,2025-10-21,2025-10-22,1.6709,1.6549,0.99042432,,-0.361,8.101,-93.634,-85.251,3.023
159501,2025-10-22,2025-10-23,1.6549,1.6685,1.00821802,,-0.490,-6.973,187.904,181.299,-5.564
159501,2025-10-23,2025-10-24,1.6685,1.6859,1.01042853,,-1.020,7.021,14.937,22.991,0.390
159501,2025-10-24,2025-10-27,1.6859,1.7154,1.01749807,,-0.992,-4.092,77.036,73.912,-7.618
159501,2025-10-27,2025-10-28,1.7154,1.7274,1.00699545,,-0.308,-2.001,-107.270,-108.945,-3.835
159501,2025-10-28,2025-10-29,1.7274,1.7342,1.00393655,,-0.191,-4.989,-32.371,-37.153,-2.026
159501,2025-10-29,2025-10-30,1.7342,1.7091,0.98552647,,-0.247,0.460,-188.276,-187.583,2.718
159501,2025-10-30,2025-10-31,1.7091,1.7178,1.00509040,,0.712,4.805,198.981,203.155,2.970
159501,2025-10-31,2025-11-03,1.7178,1.725,1.00419141,,-0.641,-5.014,-4.143,-8.515,-2.475
159501,2025-11-03,2025-11-04,1.725,1.6898,0.97959420,,0.307,0.590,-249.836,-249.561,2.847
159501,2025-11-04,2025-11-05,1.6898,1.7024,1.00745650,,-0.176,7.162,285.033,292.581,2.081
159501,2025-11-05,2025-11-06,1.7024,1.669,0.98038064,,0.040,-0.945,-261.785,-262.745,-5.037
159501,2025-11-06,2025-11-07,1.669,1.6637,0.99682445,,0.273,-6.641,166.768,159.739,-3.820
159501,2025-11-07,2025-11-10,1.6637,1.7008,1.02229969,,-0.131,1.281,248.753,250.200,2.693
159501,2025-11-10,2025-11-11,1.7008,1.6959,0.99711900,,0.336,6.407,-245.065,-239.143,1.748
159501,2025-11-11,2025-11-12,1.6959,1.694,0.99887965,,-0.221,-9.391,24.076,14.884,-4.878
159501,2025-11-12,2025-11-13,1.694,1.66,0.97992916,,0.170,10.338,-198.930,-188.965,4.688
159501,2025-11-13,2025-11-14,1.66,1.6602,1.00012048,,0.939,-3.436,216.600,212.131,-4.706
159501,2025-11-14,2025-11-17,1.6602,1.6461,0.99150705,,-0.372,-7.287,-89.530,-96.383,-1.643
159501,2025-11-17,2025-11-18,1.6461,1.6274,0.98863982,,0.509,3.899,-36.184,-32.807,6.158
159501,2025-11-18,2025-11-19,1.6274,1.6368,1.00577608,,-0.589,-2.986,177.298,174.859,1.669
159501,2025-11-19,2025-11-20,1.6368,1.5989,0.97684506,,1.824,10.717,-290.549,-281.916,6.481
159501,2025-11-20,2025-11-21,1.5989,1.6106,1.00731753,,0.448,0.167,322.999,322.709,-3.784
159501,2025-11-21,2025-11-24,1.6106,1.652,1.02570471,,-0.556,-1.543,182.706,181.701,-4.506
159501,2025-11-24,2025-11-25,1.652,1.661,1.00544794,,-0.633,0.639,-199.003,-197.757,-3.597
159501,2025-11-25,2025-11-26,1.661,1.6749,1.00836845,,0.585,-1.250,29.688,27.848,-3.651
159501,2025-11-26,2025-11-27,1.6749,1.6745,0.99976118,,0.013,-3.801,0.013,-3.801,-2.388
159501,2025-11-27,2025-11-28,1.6745,1.6878,1.00794267,,-0.430,5.223,-9.284,-3.636,0.982
159501,2025-11-28,2025-12-01,1.6878,1.6809,0.99591184,,-0.474,-9.654,-114.200,-123.275,-4.712
159501,2025-12-01,2025-12-02,1.6809,1.6958,1.00886430,,-0.393,10.209,120.277,131.007,4.553
159501,2025-12-02,2025-12-03,1.6958,1.6983,1.00147423,,0.572,-2.111,-63.117,-65.783,-5.079
159501,2025-12-03,2025-12-04,1.6983,1.6962,0.99876347,,0.301,-4.928,-29.173,-34.387,-2.667
159501,2025-12-04,2025-12-05,1.6962,1.704,1.00459851,,0.574,0.716,53.466,53.608,2.837
159501,2025-12-05,2025-12-08,1.704,1.7001,0.99771127,,-0.053,0.795,-67.846,-67.003,2.067
159501,2025-12-08,2025-12-09,1.7001,1.703,1.00170578,,-0.113,3.986,40.835,44.951,1.159
159501,2025-12-09,2025-12-10,1.703,1.7096,1.00387551,,-0.383,6.267,25.655,32.322,-3.209
159501,2025-12-10,2025-12-11,1.7096,1.7021,0.99561301,,0.391,-2.290,-76.091,-78.751,-9.079
159501,2025-12-11,2025-12-12,1.7021,1.6686,0.98031843,,0.598,-8.739,-155.875,-165.065,-6.193
159501,2025-12-12,2025-12-15,1.6686,1.6605,0.99514563,,0.306,10.505,142.378,152.722,2.855
159501,2025-12-15,2025-12-16,1.6605,1.6635,1.00180668,,-0.471,-4.008,77.511,73.947,-8.113
159501,2025-12-16,2025-12-17,1.6635,1.6308,0.98034265,,0.571,-4.953,-218.175,-223.578,-3.537
159501,2025-12-17,2025-12-18,1.6308,1.6555,1.01514594,,-0.797,5.298,349.883,356.191,0.620
159501,2025-12-18,2025-12-19,1.6555,1.6762,1.01250378,,-0.838,-8.629,-20.743,-28.519,-5.513
159501,2025-12-19,2025-12-22,1.6762,1.6843,1.00483236,,-0.384,9.684,-84.330,-74.346,2.734
159501,2025-12-22,2025-12-23,1.6843,1.6915,1.00427477,,0.187,0.618,4.130,4.561,-6.756
159501,2025-12-23,2025-12-24,1.6915,1.6947,1.00189181,,-0.388,3.453,-23.112,-19.279,-7.761
159501,2025-12-24,2025-12-25,1.6947,1.6929,0.99893787,,0.590,-5.794,0.590,-5.794,-10.621
159501,2025-12-25,2025-12-26,1.6929,1.6913,0.99905488,,-0.040,-1.033,-31.240,-32.230,-4.870
159501,2025-12-26,2025-12-29,1.6913,1.6828,0.99497428,,-0.100,-6.353,-41.873,-48.100,-3.938
159501,2025-12-29,2025-12-30,1.6828,1.679,0.99774186,,-0.312,10.643,21.444,32.423,2.105
159501,2025-12-30,2025-12-31,1.679,1.6636,0.99082787,,0.277,-0.000,-58.727,-59.003,-8.252
159501,2025-12-31,2026-01-05,1.6636,1.6721,1.00510940,,-0.590,-0.726,161.716,161.578,-8.841
159501,2026-01-05,2026-01-06,1.6721,1.6865,1.00861193,,0.458,-9.651,16.761,6.635,-7.658
159501,2026-01-06,2026-01-07,1.6865,1.6877,1.00071153,,-0.415,0.155,-87.905,-87.340,1.580
159501,2026-01-07,2026-01-08,1.6877,1.6783,0.99443029,,0.110,11.376,-62.613,-51.419,1.535
159501,2026-01-08,2026-01-09,1.6783,1.6936,1.00911637,,-0.505,-7.485,159.227,152.136,-10.334
159501,2026-01-09,2026-01-12,1.6936,1.6945,1.00053141,,-0.137,-2.276,-92.495,-94.614,-2.989
159501,2026-01-12,2026-01-13,1.6945,1.6913,0.99811154,,-0.448,-3.585,-26.456,-29.585,-1.161
159501,2026-01-13,2026-01-14,1.6913,1.6737,0.98959380,,0.769,11.189,-88.893,-78.566,3.194
159501,2026-01-14,2026-01-15,1.6737,1.6776,1.00233017,,-0.547,-10.529,140.036,129.914,-8.533
159501,2026-01-15,2026-01-16,1.6776,1.6767,0.99946352,,-0.386,5.467,-39.099,-33.269,1.612
159501,2026-01-16,2026-01-19,1.6767,1.676,0.99958251,,-0.322,2.250,-0.322,2.250,-4.175
159501,2026-01-19,2026-01-20,1.676,1.6394,0.97816229,,0.097,-7.469,-205.257,-212.668,-6.327
159501,2026-01-20,2026-01-21,1.6394,1.6618,1.01366354,,-0.192,0.237,355.198,355.642,0.951
159501,2026-01-21,2026-01-22,1.6618,1.6744,1.00758214,,-0.612,12.972,-59.759,-46.255,0.102
159501,2026-01-22,2026-01-23,1.6744,1.678,1.00215002,,0.257,-0.299,-41.010,-41.564,-12.597
159501,2026-01-23,2026-01-26,1.678,1.683,1.00297974,,0.070,-14.373,7.980,-6.474,-12.228
159501,2026-01-26,2026-01-27,1.683,1.6981,1.00897207,,-0.540,16.376,45.287,62.280,1.608
159501,2026-01-27,2026-01-28,1.6981,1.7011,1.00176668,,0.441,-16.594,-55.154,-72.094,-14.304
159501,2026-01-28,2026-01-29,1.7011,1.6924,0.99488566,,-0.207,15.436,-85.169,-69.658,2.086
159501,2026-01-29,2026-01-30,1.6924,1.6687,0.98599622,,1.368,-14.399,-74.053,-89.702,-11.963
159501,2026-01-30,2026-02-02,1.6687,1.6811,1.00743093,,-1.018,13.922,202.679,217.923,1.421
159501,2026-02-02,2026-02-03,1.6811,1.653,0.98328475,,0.550,-1.160,-226.093,-227.764,-11.933
159501,2026-02-03,2026-02-04,1.653,1.6222,0.98136721,,0.833,-15.256,-20.659,-36.713,-9.943
159501,2026-02-04,2026-02-05,1.6222,1.6007,0.98674639,,-0.168,2.278,39.474,41.929,5.154
159501,2026-02-05,2026-02-06,1.6007,1.6353,1.02161554,,-1.457,11.055,355.734,368.693,1.417
159501,2026-02-06,2026-02-09,1.6353,1.6463,1.00672659,,0.250,-0.028,-134.845,-135.120,-9.378
159501,2026-02-09,2026-02-10,1.6463,1.6358,0.99362206,,1.129,-5.344,-130.198,-136.585,-8.221
159501,2026-02-10,2026-02-11,1.6358,1.6401,1.00262868,,-0.123,-5.737,85.252,79.590,-3.003
159501,2026-02-11,2026-02-12,1.6401,1.6071,0.97987928,,-0.070,11.170,-232.505,-221.526,2.666
159501,2026-02-12,2026-02-13,1.6071,1.6088,1.00105781,,0.811,-9.988,227.546,216.503,-7.684
159501,2026-02-13,2026-02-24,1.6088,1.6249,1.01000746,,-1.023,14.699,89.030,104.894,1.282
159501,2026-02-24,2026-02-25,1.6249,1.6456,1.01273925,,0.049,0.067,32.127,32.145,-13.349
159501,2026-02-25,2026-02-26,1.6456,1.6244,0.98711716,,0.778,-12.639,-252.932,-266.009,-12.639
159501,2026-02-26,2026-02-27,1.6244,1.6197,0.99710662,,0.760,-0.396,88.432,87.266,0.760
159501,2026-02-27,2026-03-02,1.6197,1.6219,1.00135828,,-0.618,21.960,42.242,64.918,0.537
159501,2026-03-02,2026-03-03,1.6219,1.601,0.98711388,,1.340,-25.237,-120.603,-146.855,-20.039
159501,2026-03-03,2026-03-04,1.601,1.6259,1.01555278,,-0.880,21.292,262.137,284.893,4.330
159501,2026-03-04,2026-03-05,1.6259,1.6186,0.99551018,,1.183,-18.349,-176.484,-195.669,-15.746
159501,2026-03-05,2026-03-06,1.6186,1.5948,0.98529593,,1.246,-15.384,-120.764,-137.191,3.854
159501,2026-03-06,2026-03-09,1.5948,1.6187,1.01498621,,-1.216,43.610,285.486,331.597,18.050
159501,2026-03-09,2026-03-10,1.6187,1.6141,0.99715821,,1.342,-14.702,-132.804,-148.632,-24.111
159501,2026-03-10,2026-03-11,1.6141,1.6132,0.99944241,,0.428,-15.080,8.172,-7.349,-8.995
159501,2026-03-11,2026-03-12,1.6132,1.5863,0.98332507,,0.077,-0.789,-176.100,-176.951,6.171
159501,2026-03-12,2026-03-13,1.5863,1.5776,0.99451554,,0.543,0.259,113.004,112.716,7.505
159501,2026-03-13,2026-03-16,1.5776,1.5964,1.01191684,,-0.784,20.391,175.236,196.784,6.462
159501,2026-03-16,2026-03-17,1.5964,1.6023,1.00369582,,0.198,-6.168,-61.016,-67.343,-13.704
159501,2026-03-17,2026-03-18,1.6023,1.5782,0.98495912,,0.421,-16.681,-192.730,-209.502,-7.119
159501,2026-03-18,2026-03-19,1.5782,1.5751,0.99803574,,-0.613,20.150,115.860,136.865,8.964
159501,2026-03-19,2026-03-20,1.5751,1.544,0.98025522,,1.223,-30.634,-158.364,-189.712,-9.942
159501,2026-03-20,2026-03-23,1.544,1.5659,1.01418394,,-0.691,34.306,314.427,350.527,20.063
159501,2026-03-23,2026-03-24,1.5659,1.5517,0.99093173,,0.359,-9.198,-195.750,-205.121,-13.836
159501,2026-03-24,2026-03-25,1.5517,1.5614,1.00625121,,0.302,-25.328,145.256,119.255,-4.340
159501,2026-03-25,2026-03-26,1.5614,1.5273,0.97816063,,-0.569,8.152,-303.782,-295.325,20.471
159501,2026-03-26,2026-03-27,1.5273,1.4997,0.98192889,,-0.214,0.234,46.708,47.158,12.094
159501,2026-03-27,2026-03-30,1.4997,1.4897,0.99333200,,-0.906,15.149,116.366,132.609,10.953
159501,2026-03-30,2026-03-31,1.4897,1.54,1.03376519,,-0.775,19.508,422.811,443.953,-4.964
159501,2026-03-31,2026-04-01,1.54,1.5545,1.00941558,,0.999,-2.425,-216.495,-219.845,-23.427
159501,2026-04-01,2026-04-02,1.5545,1.5531,0.99909939,,1.392,-26.713,-104.600,-132.407,-19.618
159501,2026-04-02,2026-04-03,1.5531,1.5541,1.00064387,,-0.675,17.338,-0.675,17.338,6.439
159501,2026-04-03,2026-04-07,1.5541,1.5625,1.00540506,,-0.223,14.203,-6.632,7.785,-11.103
159501,2026-04-07,2026-04-08,1.5625,1.6037,1.02636800,,0.121,-20.646,285.346,263.987,-25.150
159501,2026-04-08,2026-04-09,1.6037,1.6145,1.00673443,,0.044,-5.198,-211.543,-216.673,-4.470
159501,2026-04-09,2026-04-10,1.6145,1.6168,1.00142459,,-0.138,0.153,-57.914,-57.624,0.590
159501,2026-04-10,2026-04-13,1.6168,1.6339,1.01057645,,-1.122,8.645,91.543,101.400,-0.685
159501,2026-04-13,2026-04-14,1.6339,1.6619,1.01713691,,0.313,-7.407,73.619,65.843,-9.009
159501,2026-04-14,2026-04-15,1.6619,1.6849,1.01383958,,-0.281,-6.838,-39.800,-46.332,-1.884
159501,2026-04-15,2026-04-16,1.6849,1.6939,1.00534156,,-0.570,3.513,-90.601,-86.555,4.387
159501,2026-04-16,2026-04-17,1.6939,1.7158,1.01292874,,-0.491,-3.404,79.008,76.072,0.383
159501,2026-04-17,2026-04-20,1.7158,1.7111,0.99726075,,-0.394,11.270,-158.032,-146.552,3.395
159501,2026-04-20,2026-04-21,1.7111,1.7026,0.99503244,,-0.147,-13.982,-11.099,-24.919,-8.013
159501,2026-04-21,2026-04-22,1.7026,1.7329,1.01779631,,-0.988,2.802,214.473,218.345,4.988
159501,2026-04-22,2026-04-23,1.7329,1.7233,0.99446015,,-0.161,-1.471,-226.543,-227.824,2.024
159501,2026-04-23,2026-04-24,1.7233,1.7573,1.01972959,,-0.800,16.552,252.593,270.385,2.696
159501,2026-04-24,2026-04-27,1.7573,1.755,0.99869117,,0.010,-15.279,-190.103,-205.102,-13.823
159501,2026-04-27,2026-04-28,1.755,1.7375,0.99002849,,0.166,-1.145,-101.887,-103.185,1.625
159501,2026-04-28,2026-04-29,1.7375,1.7481,1.00610072,,-0.226,-0.371,161.177,161.030,2.544
159501,2026-04-29,2026-04-30,1.7481,1.7656,1.01001087,,-0.352,12.192,38.492,51.084,2.563
159501,2026-04-30,2026-05-06,1.7656,1.8374,1.04066606,,-1.112,0.212,108.782,110.120,-10.728
159501,2026-05-06,2026-05-07,1.8374,1.8332,0.99771416,,0.383,-12.744,-215.929,-228.772,-10.556
159501,2026-05-07,2026-05-08,1.8332,1.8766,1.02367445,,-0.413,6.890,247.122,254.606,1.777
159501,2026-05-08,2026-05-11,1.8766,1.8811,1.00239795,,-0.200,0.680,-201.097,-200.236,-5.309
159501,2026-05-11,2026-05-12,1.8811,1.8636,0.99069693,,0.170,-6.549,-116.058,-122.699,-5.819
159501,2026-05-12,2026-05-13,1.8636,1.8832,1.01051728,,0.476,5.593,193.385,198.601,1.206
159501,2026-05-13,2026-05-14,1.8832,1.896,1.00679694,,-0.266,-6.695,-31.244,-37.653,-4.650
159501,2026-05-14,2026-05-15,1.896,1.8675,0.98496835,,1.544,0.668,-223.362,-224.219,3.591
159501,2026-05-15,2026-05-18,1.8675,1.8595,0.99571620,,-0.832,10.868,109.794,121.623,2.091
159501,2026-05-18,2026-05-19,1.8595,1.8467,0.99311643,,0.421,-11.561,-15.270,-27.233,-8.347
159501,2026-05-19,2026-05-20,1.8467,1.8779,1.01689500,,-0.475,9.767,227.596,238.072,2.742
159501,2026-05-20,2026-05-21,1.8779,1.8806,1.00143778,,1.076,-9.451,-142.386,-152.761,-5.943
159501,2026-05-21,2026-05-22,1.8806,1.8892,1.00457301,,-0.160,11.405,21.827,33.417,3.352
159501,2026-05-22,2026-05-25,1.8892,1.8876,0.99915308,,-0.425,-4.080,-0.425,-4.080,-8.469
159501,2026-05-25,2026-05-26,1.8876,1.9199,1.01711168,,-0.675,-5.505,132.659,127.764,-5.066
159501,2026-05-26,2026-05-27,1.9199,1.9182,0.99911454,,-0.044,7.869,-182.352,-174.583,0.395
159501,2026-05-27,2026-05-28,1.9182,1.9328,1.00761130,,0.129,2.041,92.979,94.909,-7.339
159501,2026-05-28,2026-05-29,1.9328,1.9381,1.00274214,,0.672,-7.388,-46.292,-54.315,-8.707
159501,2026-05-29,2026-06-01,1.9381,1.9492,1.00572726,,-0.959,-5.211,22.359,18.097,-2.279
159501,2026-06-01,2026-06-02,1.9492,1.9591,1.00507901,,-0.246,3.128,-11.654,-8.284,2.688
159501,2026-06-02,2026-06-03,1.9591,1.9533,0.99703946,,-0.022,-3.248,-76.887,-80.087,-0.462
159501,2026-06-03,2026-06-04,1.9533,1.9438,0.99513644,,2.062,11.601,-22.328,-12.812,4.849
159501,2026-06-04,2026-06-05,1.9438,1.8502,0.95184690,,1.904,-10.851,-423.914,-436.126,-4.842
159501,2026-06-05,2026-06-08,1.8502,1.8803,1.01626851,,-1.107,12.396,665.221,679.624,4.908
159501,2026-06-08,2026-06-09,1.8803,1.8578,0.98803382,,-0.160,-5.145,-265.776,-270.628,-7.639
159501,2026-06-09,2026-06-10,1.8578,1.8206,0.97997632,,0.422,-5.007,-86.654,-92.036,-2.073
159501,2026-06-10,2026-06-11,1.8206,1.8809,1.03312095,,-0.876,8.080,537.027,546.465,2.059
159501,2026-06-11,2026-06-12,1.8809,1.8919,1.00584826,,0.091,-2.843,-256.117,-258.975,-5.926
159501,2026-06-12,2026-06-15,1.8919,1.9487,1.03002273,,-2.882,-8.899,237.428,231.266,-5.964
159501,2026-06-15,2026-06-16,1.9487,1.9127,0.98152615,,0.908,5.609,-479.310,-474.836,3.846
159501,2026-06-16,2026-06-17,1.9127,1.8933,0.98985727,,-0.523,-7.274,90.536,83.723,-2.285
159501,2026-06-17,2026-06-18,1.8933,1.941,1.02519411,,-0.950,1.107,349.456,351.584,4.043
159501,2026-06-18,2026-06-22,1.941,1.9377,0.99829985,,-0.492,-0.638,-261.255,-261.397,2.443
159501,2026-06-22,2026-06-23,1.9377,1.8745,0.96738401,,0.329,-0.110,-310.303,-310.728,3.411
159501,2026-06-23,2026-06-24,1.8745,1.8669,0.99594559,,-0.706,0.761,295.133,296.643,2.815
159501,2026-06-24,2026-06-25,1.8669,1.8813,1.00771332,,-0.312,8.050,118.927,127.389,1.740
159501,2026-06-25,2026-06-26,1.8813,1.8594,0.98835911,,-0.782,-8.405,-184.166,-191.649,-7.085
159501,2026-06-26,2026-06-29,1.8594,1.9016,1.02269549,,0.138,11.150,338.711,350.096,1.459
159501,2026-06-29,2026-06-30,1.9016,1.9317,1.01582878,,-0.328,-3.844,-56.068,-59.565,-10.009
159501,2026-06-30,2026-07-01,1.9317,1.901,0.98410726,,1.486,-7.764,-315.997,-324.953,-4.681
159501,2026-07-01,2026-07-02,1.901,1.8707,0.98406102,,-1.451,7.660,-8.233,0.871,1.634
159501,2026-07-02,2026-07-03,1.8707,1.8696,0.99941198,,0.142,-8.670,0.142,-8.670,-5.880
159501,2026-07-03,2026-07-06,1.8696,1.8937,1.01289046,,0.375,4.931,291.772,296.461,3.168
159501,2026-07-06,2026-07-07,1.8937,1.8598,0.98209854,,-0.563,-5.704,-299.219,-304.206,-2.326
159501,2026-07-07,2026-07-08,1.8598,1.8654,1.00301108,,-0.541,8.866,207.112,216.715,2.838
159501,2026-07-08,2026-07-09,1.8654,1.8945,1.01559987,,-0.101,0.785,134.487,135.385,-6.124
159501,2026-07-09,2026-07-10,1.8945,1.8994,1.00258643,,-0.174,-4.583,-127.361,-131.713,-7.082
159501,2026-07-10,2026-07-13,1.8994,1.8632,0.98094135,,-0.034,-5.181,-220.376,-225.410,-2.534
159501,2026-07-13,2026-07-14,1.8632,1.8841,1.01121726,,-0.595,13.835,303.300,318.170,2.053
159501,2026-07-14,2026-07-15,1.8841,1.8765,0.99596624,,-0.319,-11.938,-137.192,-148.652,-12.085
159501,2026-07-15,2026-07-16,1.8765,1.8462,0.98385292,,0.302,-3.525,-133.417,-137.193,0.155
159501,2026-07-16,2026-07-17,1.8462,1.8192,0.98537537,,-0.667,0.953,11.944,13.566,3.014
159501,2026-07-17,2026-07-20,1.8192,1.8202,1.00054969,,-0.611,6.015,154.963,161.692,1.450
159501,2026-07-20,2026-07-21,1.8202,1.8543,1.01873421,,-0.608,-7.524,187.869,180.823,-5.170
159501,2026-07-21,2026-07-22,1.8543,1.8448,0.99487677,,0.303,6.636,-241.535,-235.355,2.659
159501,2026-07-22,2026-07-23,1.8448,1.8095,0.98086513,,-0.097,-8.927,-134.295,-143.006,-4.071
159501,2026-07-23,2026-07-24,1.8095,1.7896,0.98900249,,-0.047,8.938,73.960,83.011,4.813
159501,2026-07-24,2026-07-27,1.7896,1.7831,0.99636790,,-0.528,-7.150,83.478,76.799,-4.649
159501,2026-07-27,2026-07-28,1.7831,1.766,0.99040996,,0.084,6.859,-66.904,-60.174,2.587
159501,2026-07-28,2026-07-29,1.766,1.729,0.97904870,,0.278,-2.961,-107.932,-111.136,-3.991
159501,2026-07-29,2026-07-30,1.729,1.7867,1.03337189,,-1.311,-2.636,551.732,550.333,-2.342
159501,2026-07-30,2026-07-31,1.7867,1.7975,1.00604466,,0.432,0.137,-267.014,-267.300,0.726
159501,2026-07-31,2026-08-03,1.7975,1.8294,1.01774687,,-0.878,-3.086,116.458,114.223,-0.289
159501,2026-08-03,2026-08-04,1.8294,1.8907,1.03350825,,-0.141,6.783,151.731,158.760,2.657
159501,2026-08-04,2026-08-05,1.8907,1.8743,0.99132596,,-0.129,-5.135,-401.641,-406.446,-4.251
159501,2026-08-05,2026-08-06,1.8743,1.8671,0.99615857,,-0.480,-0.922,43.589,43.145,0.403
159501,2026-08-06,2026-08-07,1.8671,1.8895,1.01199721,,-0.172,4.100,158.060,162.400,1.153
159501,2026-08-07,2026-08-10,1.8895,1.8826,0.99634824,,0.232,-5.070,-150.598,-155.819,-2.714
159501,2026-08-10,2026-08-11,1.8826,1.8768,0.99691915,,-0.643,4.366,0.658,5.667,1.714
159501,2026-08-11,2026-08-12,1.8768,1.8901,1.00708653,,-0.001,-3.535,106.398,102.826,-2.652
159501,2026-08-12,2026-08-13,1.8901,1.912,1.01158669,,0.020,2.377,41.134,43.501,0.904
159501,2026-08-13,2026-08-14,1.912,1.9093,0.99858787,,0.101,-0.636,-126.153,-126.880,-1.372
159501,2026-08-14,2026-08-17,1.9093,1.9058,0.99816687,,-0.703,-6.152,-4.851,-10.298,-1.440
159501,2026-08-17,2026-08-18,1.9058,1.8746,0.98362892,,-0.183,12.051,-151.708,-139.660,4.531
159501,2026-08-18,2026-08-19,1.8746,1.8691,0.99706604,,0.175,-0.557,148.823,148.080,-7.335
159501,2026-08-19,2026-08-20,1.8691,1.8546,0.99224226,,1.502,-6.605,-48.934,-56.999,-5.278
159501,2026-08-20,2026-08-21,1.8546,1.861,1.00345088,,0.417,-1.794,106.283,104.049,1.744
159501,2026-08-21,2026-08-24,1.861,1.8434,0.99054272,,-0.611,1.306,-130.409,-128.517,2.928
159501,2026-08-24,2026-08-25,1.8434,1.8555,1.00656396,,-0.096,4.917,163.069,168.164,1.526
159501,2026-08-25,2026-08-26,1.8555,1.8558,1.00016168,,-0.226,-5.237,-58.719,-63.700,-3.616
159501,2026-08-26,2026-08-27,1.8558,1.8825,1.01438733,,-0.467,5.432,136.922,142.902,1.155
159501,2026-08-27,2026-08-28,1.8825,1.8685,0.99256308,,0.092,-6.688,-209.832,-216.470,-4.183
159501,2026-08-28,2026-08-31,1.8685,1.8704,1.00101686,,-0.338,4.972,78.426,83.777,2.169
159501,2026-08-31,2026-09-01,1.8704,1.8458,0.98684773,,0.161,-5.588,-136.646,-142.316,-2.640
159501,2026-09-01,2026-09-02,1.8458,1.8505,1.00254632,,-0.228,5.966,153.402,159.692,2.721
159501,2026-09-02,2026-09-03,1.8505,1.8715,1.01134828,,0.441,0.147,93.815,93.518,-2.803
159501,2026-09-03,2026-09-04,1.8715,1.875,1.00187016,,0.681,-3.449,-93.572,-97.663,-2.269
159501,2026-09-04,2026-09-07,1.875,1.8752,1.00010667,,-0.113,-0.261,-0.113,-0.261,1.067
159501,2026-09-07,2026-09-08,1.8752,1.8731,0.99888012,,-0.184,6.309,-33.430,-26.959,1.143
159501,2026-09-08,2026-09-09,1.8731,1.8667,0.99658320,,0.175,-4.544,-16.701,-21.412,-4.987
159501,2026-09-09,2026-09-10,1.8667,1.8466,0.98923234,,0.868,3.821,-78.271,-75.342,0.426
159501,2026-09-10,2026-09-11,1.8466,1.8627,1.00871873,,-0.414,2.836,200.881,204.197,-3.808
159660,2025-01-02,2025-01-03,1.6482,1.6758,1.01674554,,0.471,0.610,,,0.332
159660,2025-01-03,2025-01-06,1.6758,1.6939,1.01080081,,-1.113,-1.809,-57.861,-58.553,-1.392
159660,2025-01-06,2025-01-07,1.6939,1.6637,0.98217132,,0.566,-0.129,-284.993,-285.669,0.984
159660,2025-01-07,2025-01-08,1.6637,1.6646,1.00054096,,0.555,1.808,186.899,188.175,1.668
159660,2025-01-08,2025-01-09,1.6646,1.6645,0.99993993,,-0.462,-1.296,-0.462,-1.296,-0.601
159660,2025-01-09,2025-01-10,1.6645,1.6385,0.98437969,,0.517,2.047,-160.568,-159.063,1.212
159660,2025-01-10,2025-01-13,1.6385,1.6334,0.99688740,,-0.142,-0.003,129.135,129.276,-0.977
159660,2025-01-13,2025-01-14,1.6334,1.631,0.99853067,,-0.582,-2.251,16.481,14.809,-1.556
159660,2025-01-14,2025-01-15,1.631,1.6687,1.02311465,,-0.997,-0.023,243.895,244.892,-0.301
159660,2025-01-15,2025-01-16,1.6687,1.6572,0.99310841,,0.391,-1.000,-293.306,-294.656,0.113
159660,2025-01-16,2025-01-17,1.6572,1.6847,1.01659426,,-1.069,0.461,235.464,237.031,0.044
159660,2025-01-17,2025-01-20,1.6847,1.6845,0.99988128,,-0.770,24.332,-0.770,24.332,-1.187
159660,2025-01-20,2025-01-21,1.6845,1.69,1.00326506,,-0.210,-24.692,-105.886,-130.110,-25.666
159660,2025-01-21,2025-01-22,1.69,1.7123,1.01319527,,0.100,-2.549,74.042,71.373,-0.876
159660,2025-01-22,2025-01-23,1.7123,1.7163,1.00233604,,-0.249,1.843,-109.700,-107.631,1.424
159660,2025-01-23,2025-01-24,1.7163,1.7062,0.99411525,,-0.483,0.075,-80.189,-79.635,-0.901
159660,2025-01-24,2025-01-27,1.7062,1.6554,0.97022623,,0.236,-0.043,-240.231,-240.503,-0.740
159660,2025-01-27,2025-02-05,1.6554,1.6966,1.02488824,,-1.639,-2.057,348.016,347.583,-2.336
159660,2025-02-05,2025-02-06,1.6966,1.7056,1.00530473,,-0.189,-1.584,10.976,9.580,-0.468
159660,2025-02-06,2025-02-07,1.7056,1.6837,0.98715994,,0.364,0.364,-182.046,-182.046,1.480
159660,2025-02-07,2025-02-10,1.6837,1.7047,1.01247253,,0.094,-0.046,256.791,256.648,1.209
159660,2025-02-10,2025-02-11,1.7047,1.7,0.99724292,,0.231,2.323,-150.465,-148.405,1.487
159660,2025-02-11,2025-02-12,1.7,1.7018,1.00105882,,-0.439,-2.530,40.597,38.497,-1.276
159660,2025-02-12,2025-02-13,1.7018,1.7263,1.01439652,,-0.696,2.372,130.672,133.780,0.559
159660,2025-02-13,2025-02-14,1.7263,1.7327,1.00370735,,0.771,-0.484,-103.027,-104.269,-1.042
159660,2025-02-14,2025-02-17,1.7327,1.7325,0.99988457,,-0.596,-0.457,-0.596,-0.457,-1.154
159660,2025-02-17,2025-02-18,1.7325,1.7363,1.00219336,,0.059,-1.754,-15.428,-17.238,-0.638
159660,2025-02-18,2025-02-19,1.7363,1.7373,1.00057594,,-0.315,-0.176,-17.890,-17.750,0.801
159660,2025-02-19,2025-02-20,1.7373,1.7293,0.99539515,,1.482,4.690,-51.953,-48.761,2.458
159660,2025-02-20,2025-02-21,1.7293,1.6934,0.97924015,,0.311,-4.847,-157.683,-162.760,-1.920
159660,2025-02-21,2025-02-24,1.6934,1.6734,0.98818944,,0.221,1.895,86.498,88.187,3.150
159660,2025-02-24,2025-02-25,1.6734,1.6529,0.98774949,,0.289,0.708,-2.558,-2.140,1.544
159660,2025-02-25,2025-02-26,1.6529,1.6565,1.00217799,,-0.714,-0.993,146.792,146.510,0.122
159660,2025-02-26,2025-02-27,1.6565,1.6112,0.97265318,,0.856,2.251,-295.570,-294.217,1.972
159660,2025-02-27,2025-02-28,1.6112,1.6373,1.01619911,,0.014,-1.240,450.054,448.743,-0.265
159660,2025-02-28,2025-03-03,1.6373,1.6015,0.97813473,,0.095,1.907,-375.770,-374.026,1.071
159660,2025-03-03,2025-03-04,1.6015,1.5957,0.99637840,,0.383,3.032,188.457,191.157,-0.454
159660,2025-03-04,2025-03-05,1.5957,1.6166,1.01309770,,-1.052,-1.469,170.884,170.459,-4.537
159660,2025-03-05,2025-03-06,1.6166,1.5712,0.97191637,,1.327,-3.554,-407.899,-412.580,-1.741
159660,2025-03-06,2025-03-07,1.5712,1.5833,1.00770112,,1.002,-1.089,364.503,362.336,2.816
159660,2025-03-07,2025-03-10,1.5833,1.5236,0.96229394,,0.575,3.365,-451.642,-448.978,4.480
159660,2025-03-10,2025-03-11,1.5236,1.5194,0.99724337,,-0.895,6.497,366.676,374.339,0.220
159660,2025-03-11,2025-03-12,1.5194,1.5356,1.01066210,,-0.086,-10.817,141.142,130.260,-6.359
159660,2025-03-12,2025-03-13,1.5356,1.5073,0.98157072,,0.426,3.494,-298.351,-295.374,4.889
159660,2025-03-13,2025-03-14,1.5073,1.5452,1.02514430,,0.763,9.134,447.566,456.311,2.157
159660,2025-03-14,2025-03-17,1.5452,1.5524,1.00465959,,-0.998,-14.235,-190.872,-203.858,-7.967
159660,2025-03-17,2025-03-18,1.5524,1.5276,0.98402474,,0.074,11.376,-219.334,-208.281,6.351
159660,2025-03-18,2025-03-19,1.5276,1.5466,1.01243781,,-0.540,-13.497,300.447,287.100,-5.558
159660,2025-03-19,2025-03-20,1.5466,1.5434,0.99793095,,1.305,8.419,-156.590,-149.589,9.256
159660,2025-03-20,2025-03-21,1.5434,1.5495,1.00395231,,-0.121,-2.072,68.809,66.845,0.715
159660,2025-03-21,2025-03-24,1.5495,1.583,1.02161988,,-2.485,-0.813,173.872,175.573,0.301
159660,2025-03-24,2025-03-25,1.583,1.5916,1.00543272,,-0.008,5.845,-159.246,-153.486,1.106
159660,2025-03-25,2025-03-26,1.5916,1.5618,0.98127670,,0.210,-5.780,-234.550,-240.399,-4.526
159660,2025-03-26,2025-03-27,1.5618,1.5527,0.99417339,,-0.082,2.706,125.572,128.394,1.173
159660,2025-03-27,2025-03-28,1.5527,1.512,0.97378760,,0.626,-5.086,-202.402,-207.998,-0.907
159660,2025-03-28,2025-03-31,1.512,1.5123,1.00019841,,-0.666,4.490,265.993,271.287,3.515
159660,2025-03-31,2025-04-01,1.5123,1.5245,1.00806718,,-0.284,-3.766,83.198,79.687,-1.259
159660,2025-04-01,2025-04-02,1.5245,1.5364,1.00780584,,0.739,-10.112,-6.358,-17.200,3.247
159660,2025-04-02,2025-04-03,1.5364,1.4555,0.94734444,,2.396,3.109,-609.436,-608.767,15.771
159660,2025-04-03,2025-04-07,1.4555,1.3716,0.94235658,,0.627,5.224,593.182,598.052,13.286
159660,2025-04-07,2025-04-08,1.3716,1.346,0.98133567,,0.688,4.858,-213.103,-209.022,8.746
159660,2025-04-08,2025-04-09,1.346,1.5078,1.12020802,,-4.019,-3.741,1420.681,1421.000,-0.134
159660,2025-04-09,2025-04-10,1.5078,1.4455,0.95868152,,2.086,6.388,-1445.134,-1441.454,5.694
159660,2025-04-10,2025-04-11,1.4455,1.4725,1.01867866,,-1.365,-5.247,632.618,628.489,-2.058
159660,2025-04-11,2025-04-14,1.4725,1.4812,1.00590832,,-0.819,4.313,-130.543,-125.477,2.371
159660,2025-04-14,2025-04-15,1.4812,1.4835,1.00155280,,-0.727,-7.796,-39.005,-46.047,-2.668
159660,2025-04-15,2025-04-16,1.4835,1.4394,0.97027300,,1.891,13.687,-319.865,-308.448,7.024
159660,2025-04-16,2025-04-17,1.4394,1.4384,0.99930527,,-0.540,-4.975,313.314,308.740,-7.194
159660,2025-04-17,2025-04-18,1.4384,1.4381,0.99979143,,0.134,-0.143,0.134,-0.143,-2.086
159660,2025-04-18,2025-04-21,1.4381,1.4025,0.97524512,,0.715,-3.864,-245.894,-250.360,-1.228
159660,2025-04-21,2025-04-22,1.4025,1.4395,1.02638146,,-1.707,-4.895,520.277,516.923,0.930
159660,2025-04-22,2025-04-23,1.4395,1.473,1.02327197,,-1.291,7.033,-35.176,-26.880,4.535
159660,2025-04-23,2025-04-24,1.473,1.5135,1.02749491,,-1.236,0.707,48.331,50.284,-3.732
159660,2025-04-24,2025-04-25,1.5135,1.53,1.01090188,,-0.032,-1.279,-160.795,-162.022,-4.470
159660,2025-04-25,2025-04-28,1.53,1.529,0.99934641,,-0.634,-1.882,-115.573,-116.807,-3.825
159660,2025-04-28,2025-04-29,1.529,1.5379,1.00582080,,-0.399,-0.260,62.892,63.032,-2.342
159660,2025-04-29,2025-04-30,1.5379,1.5397,1.00117043,,0.451,-0.799,-46.493,-47.737,-1.632
159660,2025-04-30,2025-05-06,1.5397,1.5568,1.01110606,,-0.664,-1.081,-102.302,-102.714,-1.497
159660,2025-05-06,2025-05-07,1.5568,1.5627,1.00378983,,-0.401,-10.252,127.889,117.912,-0.818
159660,2025-05-07,2025-05-08,1.5627,1.5795,1.01075062,,-0.475,5.914,59.022,65.450,8.968
159660,2025-05-08,2025-05-09,1.5795,1.5798,1.00018993,,-0.096,6.982,-98.632,-91.624,2.956
159660,2025-05-09,2025-05-12,1.5798,1.6426,1.03975187,,-0.396,5.995,402.802,409.451,-4.418
159660,2025-05-12,2025-05-13,1.6426,1.6667,1.01467186,,-0.621,-6.169,-235.361,-240.778,-11.027
159660,2025-05-13,2025-05-14,1.6667,1.6754,1.00521990,,-0.232,-6.066,-99.264,-105.040,-5.094
159660,2025-05-14,2025-05-15,1.6754,1.6771,1.00101468,,1.381,5.830,-47.875,-43.448,2.354
159660,2025-05-15,2025-05-16,1.6771,1.684,1.00411424,,1.449,1.033,36.812,36.395,-2.025
159660,2025-05-16,2025-05-19,1.684,1.6852,1.00071259,,1.268,-3.876,-32.847,-37.973,-1.791
159660,2025-05-19,2025-05-20,1.6852,1.6793,0.99649893,,0.063,1.315,-45.966,-44.720,2.149
159660,2025-05-20,2025-05-21,1.6793,1.657,0.98672066,,0.715,6.278,-96.824,-91.315,1.549
159660,2025-05-21,2025-05-22,1.657,1.6587,1.00102595,,-0.239,-7.189,151.348,144.292,-4.965
159660,2025-05-22,2025-05-23,1.6587,1.6436,0.99089649,,-0.015,14.185,-108.307,-94.261,2.210
159660,2025-05-23,2025-05-26,1.6436,1.6416,0.99878316,,-0.211,-18.144,-0.211,-18.144,-12.168
159660,2025-05-26,2025-05-27,1.6416,1.6816,1.02436647,,-1.175,2.305,333.873,337.471,4.810
159660,2025-05-27,2025-05-28,1.6816,1.6744,0.99571836,,-0.098,0.598,-277.426,-276.749,2.406
159660,2025-05-28,2025-05-29,1.6744,1.6782,1.00226947,,-0.591,9.430,66.394,76.482,1.217
159660,2025-05-29,2025-05-30,1.6782,1.6752,0.99821237,,1.069,-10.057,-31.087,-42.177,-7.137
159660,2025-05-30,2025-06-03,1.6752,1.7007,1.01522206,,-1.416,-0.859,88.902,89.464,1.507
159660,2025-06-03,2025-06-04,1.7007,1.7058,1.00299877,,0.222,5.511,-51.462,-46.201,2.588
159660,2025-06-04,2025-06-05,1.7058,1.6917,0.99173408,,0.572,0.434,-106.861,-106.998,-2.349
159660,2025-06-05,2025-06-06,1.6917,1.7082,1.00975350,,0.855,-3.320,182.138,177.888,-1.929
159660,2025-06-06,2025-06-09,1.7082,1.7112,1.00175623,,-0.411,3.069,-82.494,-79.043,0.981
159660,2025-06-09,2025-06-10,1.7112,1.7221,1.00636980,,-0.283,1.110,49.138,50.538,-2.371
159660,2025-06-10,2025-06-11,1.7221,1.7151,0.99593520,,-0.211,-2.021,-102.588,-104.378,-3.691
159660,2025-06-11,2025-06-12,1.7151,1.7189,1.00221561,,-0.193,2.454,61.027,63.691,-1.864
159660,2025-06-12,2025-06-13,1.7189,1.6961,0.98673570,,0.441,-6.243,-152.040,-158.623,-3.876
159660,2025-06-13,2025-06-16,1.6961,1.7205,1.01438594,,-0.248,8.116,273.801,282.393,2.121
159660,2025-06-16,2025-06-17,1.7205,1.7023,0.98942168,,-0.260,-8.338,-238.186,-246.073,-6.249
159660,2025-06-17,2025-06-18,1.7023,1.7027,1.00023498,,-0.022,6.531,100.860,107.479,2.069
159660,2025-06-18,2025-06-19,1.7027,1.7019,0.99953016,,-0.239,0.042,-0.239,0.042,-4.698
159660,2025-06-19,2025-06-20,1.7019,1.6939,0.99529937,,0.673,-6.158,-42.566,-49.368,-4.067
159660,2025-06-20,2025-06-23,1.6939,1.7122,1.01080347,,-0.399,9.230,149.519,159.293,1.693
159660,2025-06-23,2025-06-24,1.7122,1.7369,1.01442588,,-0.984,-10.187,45.100,35.855,-8.514
159660,2025-06-24,2025-06-25,1.7369,1.7408,1.00224538,,-0.503,7.875,-130.138,-121.869,1.172
159660,2025-06-25,2025-06-26,1.7408,1.7559,1.00867417,,-0.723,-8.397,72.069,64.340,-7.420
159660,2025-06-26,2025-06-27,1.7559,1.7629,1.00398656,,0.166,6.872,-54.831,-48.162,1.144
159660,2025-06-27,2025-06-30,1.7629,1.7731,1.00578592,,-0.638,0.902,24.806,26.351,-6.362
159660,2025-06-30,2025-07-01,1.7731,1.7561,0.99041227,,-0.108,-9.048,-151.963,-160.768,-7.372
159660,2025-07-01,2025-07-02,1.7561,1.7693,1.00751666,,0.624,5.518,163.496,168.470,2.301
159660,2025-07-02,2025-07-03,1.7693,1.7863,1.00960832,,-0.078,-4.970,26.290,21.385,-3.293
159660,2025-07-03,2025-07-04,1.7863,1.7866,1.00016794,,0.002,5.736,0.002,5.736,1.679
159660,2025-07-04,2025-07-07,1.7866,1.7717,0.99166014,,-0.049,-8.015,-177.026,-184.851,-4.103
159660,2025-07-07,2025-07-08,1.7717,1.7735,1.00101597,,-1.110,1.826,86.254,89.216,2.805
159660,2025-07-08,2025-07-09,1.7735,1.7863,1.00721737,,-0.458,4.856,63.789,69.136,0.521
159660,2025-07-09,2025-07-10,1.7863,1.7828,0.99804064,,0.325,0.887,-86.298,-85.741,-4.008
159660,2025-07-10,2025-07-11,1.7828,1.7781,0.99736370,,-0.165,-7.296,-5.897,-13.024,-5.059
159660,2025-07-11,2025-07-14,1.7781,1.7842,1.00343063,,-0.872,0.387,53.489,54.755,1.366
159660,2025-07-14,2025-07-15,1.7842,1.7866,1.00134514,,-0.200,-3.135,-20.398,-23.328,0.780
159660,2025-07-15,2025-07-16,1.7866,1.7891,1.00139931,,-0.143,12.872,-2.595,10.418,3.773
159660,2025-07-16,2025-07-17,1.7891,1.8007,1.00648371,,-1.551,-15.807,63.710,49.362,-10.637
159660,2025-07-17,2025-07-18,1.8007,1.8006,0.99994447,,1.021,2.841,-80.675,-78.869,6.199
159660,2025-07-18,2025-07-21,1.8006,1.8101,1.00527602,,-0.292,11.743,56.175,68.278,3.065
159660,2025-07-21,2025-07-22,1.8101,1.7995,0.99414397,,0.317,-1.916,-99.123,-101.334,-8.352
159660,2025-07-22,2025-07-23,1.7995,1.806,1.00361211,,-0.264,-2.641,93.305,90.905,-6.701
159660,2025-07-23,2025-07-24,1.806,1.8097,1.00204873,,-0.244,-9.064,-18.215,-27.018,-4.305
159660,2025-07-24,2025-07-25,1.8097,1.8145,1.00265237,,-0.810,-2.767,-3.045,-5.001,3.952
159660,2025-07-25,2025-07-28,1.8145,1.8221,1.00418848,,-0.959,-0.396,12.549,13.114,5.761
159660,2025-07-28,2025-07-29,1.8221,1.8195,0.99857308,,0.125,16.086,-56.313,-40.442,6.282
159660,2025-07-29,2025-07-30,1.8195,1.8206,1.00060456,,-0.071,-17.266,36.463,19.206,-9.860
159660,2025-07-30,2025-07-31,1.8206,1.8121,0.99533121,,0.461,7.600,-69.877,-62.788,7.880
159660,2025-07-31,2025-08-01,1.8121,1.7768,0.98051984,,0.826,15.254,-141.322,-127.099,1.106
159660,2025-08-01,2025-08-04,1.7768,1.8072,1.01710941,,-1.328,-11.396,388.988,378.528,-15.453
159660,2025-08-04,2025-08-05,1.8072,1.7933,0.99230854,,0.454,-9.627,-254.955,-264.779,-3.608
159660,2025-08-05,2025-08-06,1.7933,1.8173,1.01338315,,-1.058,13.942,202.548,217.853,4.967
159660,2025-08-06,2025-08-07,1.8173,1.8214,1.00225609,,-0.396,-14.537,-96.012,-110.018,-9.358
159660,2025-08-07,2025-08-08,1.8214,1.8396,1.00999231,,-0.114,1.849,62.539,64.514,5.072
159660,2025-08-08,2025-08-11,1.8396,1.8338,0.99684714,,1.112,2.513,-128.326,-126.943,4.334
159660,2025-08-11,2025-08-12,1.8338,1.8585,1.01346930,,-0.010,11.343,169.302,180.847,1.811
159660,2025-08-12,2025-08-13,1.8585,1.8575,0.99946193,,0.017,-7.684,-127.026,-134.629,-9.504
159660,2025-08-13,2025-08-14,1.8575,1.8559,0.99913863,,0.168,-6.417,-10.916,-17.494,-1.654
159660,2025-08-14,2025-08-15,1.8559,1.8475,0.99547389,,0.506,12.146,-43.073,-31.483,5.272
159660,2025-08-15,2025-08-18,1.8475,1.8463,0.99935047,,-0.342,-12.389,51.136,39.027,-7.207
159660,2025-08-18,2025-08-19,1.8463,1.8216,0.98662189,,-0.165,1.518,-139.600,-137.939,5.022
159660,2025-08-19,2025-08-20,1.8216,1.8117,0.99456522,,-0.016,17.099,82.041,99.297,3.488
159660,2025-08-20,2025-08-21,1.8117,1.8012,0.99420434,,1.597,-16.755,13.465,-4.909,-11.994
159660,2025-08-21,2025-08-22,1.8012,1.8297,1.01582278,,-0.241,27.022,200.325,228.136,4.528
159660,2025-08-22,2025-08-25,1.8297,1.8199,0.99464393,,-0.336,-26.553,-182.031,-207.771,-22.769
159660,2025-08-25,2025-08-26,1.8199,1.8283,1.00461564,,-0.209,14.840,73.435,88.594,3.585
159660,2025-08-26,2025-08-27,1.8283,1.8294,1.00060165,,0.033,-4.880,-25.175,-30.075,-11.205
159660,2025-08-27,2025-08-28,1.8294,1.8389,1.00519296,,-0.094,-1.780,40.983,39.291,-6.422
159660,2025-08-28,2025-08-29,1.8389,1.8159,0.98749252,,1.040,-9.512,-177.838,-188.201,-3.605
159660,2025-08-29,2025-09-01,1.8159,1.8168,1.00049562,,-0.956,2.564,-0.956,2.564,4.956
159660,2025-09-01,2025-09-02,1.8168,1.803,0.99240423,,0.385,0.104,43.714,43.432,2.777
159660,2025-09-02,2025-09-03,1.803,1.8176,1.00809762,,-0.799,9.756,158.241,168.965,1.873
159660,2025-09-03,2025-09-04,1.8176,1.8332,1.00858275,,0.595,-8.968,14.573,4.997,-7.281
159660,2025-09-04,2025-09-05,1.8332,1.8351,1.00103644,,0.452,7.070,-83.722,-77.160,2.141
159660,2025-09-05,2025-09-08,1.8351,1.8425,1.00403248,,-1.170,-3.139,37.020,35.044,-6.095
159660,2025-09-08,2025-09-09,1.8425,1.8479,1.00293080,,-0.339,-10.892,-14.108,-24.646,-3.296
159660,2025-09-09,2025-09-10,1.8479,1.85,1.00113643,,-0.216,11.334,-28.764,-17.248,7.389
159660,2025-09-10,2025-09-11,1.85,1.8603,1.00556757,,-0.439,-2.268,55.645,53.806,-4.380
159660,2025-09-11,2025-09-12,1.8603,1.8676,1.00392410,,-0.163,-7.481,-18.608,-25.912,-2.275
159660,2025-09-12,2025-09-15,1.8676,1.8842,1.00888841,,-0.043,9.252,41.931,51.265,5.166
159660,2025-09-15,2025-09-16,1.8842,1.8818,0.99872625,,-0.621,-2.732,-91.568,-93.659,-4.702
159660,2025-09-16,2025-09-17,1.8818,1.8775,0.99771495,,-0.055,-12.153,-12.855,-24.937,-2.026
159660,2025-09-17,2025-09-18,1.8775,1.8973,1.01054594,,-0.218,3.870,116.295,120.430,9.921
159660,2025-09-18,2025-09-19,1.8973,1.9116,1.00753703,,-0.787,8.357,-25.917,-16.796,5.262
159660,2025-09-19,2025-09-22,1.9116,1.9217,1.00528353,,1.193,4.994,-14.028,-10.233,-1.901
159660,2025-09-22,2025-09-23,1.9217,1.9064,0.99203830,,0.284,-9.419,-126.828,-136.408,-6.607
159660,2025-09-23,2025-09-24,1.9064,1.901,0.99716744,,0.032,-2.920,42.235,39.271,2.847
159660,2025-09-24,2025-09-25,1.901,1.8938,0.99621252,,-0.254,0.733,-12.494,-11.508,5.514
159660,2025-09-25,2025-09-26,1.8938,1.9029,1.00480515,,-0.417,13.230,86.992,100.758,4.364
159660,2025-09-26,2025-09-29,1.9029,1.9095,1.00346839,,-0.293,-4.366,-0.092,-4.165,-9.147
159660,2025-09-29,2025-09-30,1.9095,1.9139,1.00230427,,-0.051,-11.440,-15.962,-27.334,-4.833
159660,2025-09-30,2025-10-09,1.9139,1.9474,1.01750353,,-1.117,13.102,-44.174,-30.016,5.497
159660,2025-10-09,2025-10-10,1.9474,1.8782,0.96446544,,1.228,-0.597,-333.232,-334.997,-6.367
159660,2025-10-10,2025-10-13,1.8782,1.9178,1.02108402,,-1.425,-9.165,586.414,578.219,-7.195
159660,2025-10-13,2025-10-14,1.9178,1.905,0.99332569,,0.363,5.998,-280.767,-275.291,2.335
159660,2025-10-14,2025-10-15,1.905,1.9171,1.00635171,,-0.348,-0.206,137.212,137.356,-4.009
159660,2025-10-15,2025-10-16,1.9171,1.9095,0.99603568,,-0.244,-1.370,-102.713,-103.827,-4.047
159660,2025-10-16,2025-10-17,1.9095,1.9214,1.00623200,,-0.162,-6.220,100.985,94.866,-2.839
159660,2025-10-17,2025-10-20,1.9214,1.9468,1.01321953,,-1.389,8.057,63.180,72.686,1.993
159660,2025-10-20,2025-10-21,1.9468,1.9446,0.99886994,,0.280,-9.159,-133.681,-142.994,-5.779
159660,2025-10-21,2025-10-22,1.9446,1.9261,0.99048648,,0.267,8.729,-93.012,-84.629,3.651
159660,2025-10-22,2025-10-23,1.9261,1.9419,1.00820310,,-0.638,-7.121,187.753,181.148,-5.712
159660,2025-10-23,2025-10-24,1.9419,1.9622,1.01045368,,-0.771,7.270,15.186,23.240,0.639
159660,2025-10-24,2025-10-27,1.9622,1.9965,1.01748038,,-1.166,-4.266,76.861,73.737,-7.792
159660,2025-10-27,2025-10-28,1.9965,2.0105,1.00701227,,-0.141,-1.834,-107.105,-108.780,-3.668
159660,2025-10-28,2025-10-29,2.0105,2.0184,1.00392937,,-0.263,-5.060,-32.443,-37.225,-2.097
159660,2025-10-29,2025-10-30,2.0184,1.9893,0.98558264,,0.323,1.030,-187.717,-187.024,3.288
159660,2025-10-30,2025-10-31,1.9893,1.9994,1.00507716,,0.581,4.673,198.847,203.021,2.838
159660,2025-10-31,2025-11-03,1.9994,2.0077,1.00415125,,-1.041,-5.413,-4.543,-8.914,-2.875
159660,2025-11-03,2025-11-04,2.0077,1.9668,0.97962843,,0.656,0.939,-249.495,-249.220,3.196
159660,2025-11-04,2025-11-05,1.9668,1.9814,1.00742323,,-0.507,6.832,284.694,292.241,1.751
159660,2025-11-05,2025-11-06,1.9814,1.9426,0.98041789,,0.420,-0.565,-261.415,-262.375,-4.658
159660,2025-11-06,2025-11-07,1.9426,1.9364,0.99680840,,0.112,-6.802,166.604,159.575,-3.980
159660,2025-11-07,2025-11-10,1.9364,1.9795,1.02225780,,-0.541,0.871,248.333,249.780,2.283
159660,2025-11-10,2025-11-11,1.9795,1.9737,0.99706997,,-0.155,5.915,-245.544,-239.623,1.256
159660,2025-11-11,2025-11-12,1.9737,1.9716,0.99893601,,0.343,-8.827,24.642,15.449,-4.314
159660,2025-11-12,2025-11-13,1.9716,1.9321,0.97996551,,0.541,10.709,-198.567,-188.601,5.059
159660,2025-11-13,2025-11-14,1.9321,1.9323,1.00010351,,0.769,-3.605,216.426,211.957,-4.876
159660,2025-11-14,2025-11-17,1.9323,1.9159,0.99151271,,-0.315,-7.230,-89.473,-96.327,-1.586
159660,2025-11-17,2025-11-18,1.9159,1.8941,0.98862154,,0.324,3.714,-36.368,-32.991,5.973
159660,2025-11-18,2025-11-19,1.8941,1.9051,1.00580751,,-0.277,-2.674,177.616,175.176,1.981
159660,2025-11-19,2025-11-20,1.9051,1.861,0.97685161,,1.891,10.784,-290.484,-281.851,6.548
159660,2025-11-20,2025-11-21,1.861,1.8745,1.00725416,,-0.182,-0.462,322.350,322.060,-4.412
159660,2025-11-21,2025-11-24,1.8745,1.9227,1.02571352,,-0.470,-1.457,182.794,181.789,-4.420
159660,2025-11-24,2025-11-25,1.9227,1.9332,1.00546107,,-0.502,0.770,-198.875,-197.629,-3.466
159660,2025-11-25,2025-11-26,1.9332,1.9493,1.00832816,,0.185,-1.650,29.287,27.447,-4.051
159660,2025-11-26,2025-11-27,1.9493,1.9488,0.99974350,,-0.164,-3.977,-0.164,-3.977,-2.565
159660,2025-11-27,2025-11-28,1.9488,1.9643,1.00795361,,-0.322,5.331,-9.175,-3.527,1.091
159660,2025-11-28,2025-12-01,1.9643,1.9563,0.99592730,,-0.319,-9.499,-114.047,-123.122,-4.557
159660,2025-12-01,2025-12-02,1.9563,1.9736,1.00884322,,-0.602,10.000,120.066,130.795,4.344
159660,2025-12-02,2025-12-03,1.9736,1.9765,1.00146940,,0.524,-2.160,-63.165,-65.831,-5.127
159660,2025-12-03,2025-12-04,1.9765,1.974,0.99873514,,0.017,-5.212,-29.456,-34.670,-2.951
159660,2025-12-04,2025-12-05,1.974,1.9831,1.00460993,,0.688,0.830,53.580,53.723,2.950
159660,2025-12-05,2025-12-08,1.9831,1.9786,0.99773083,,0.143,0.991,-67.651,-66.809,2.263
159660,2025-12-08,2025-12-09,1.9786,1.9819,1.00166785,,-0.491,3.607,40.455,44.570,0.781
159660,2025-12-09,2025-12-10,1.9819,1.9896,1.00388516,,-0.287,6.363,25.752,32.419,-3.113
159660,2025-12-10,2025-12-11,1.9896,1.9808,0.99557700,,0.029,-2.652,-76.450,-79.110,-9.440
159660,2025-12-11,2025-12-12,1.9808,1.9419,0.98036147,,1.037,-8.300,-155.442,-164.634,-5.754
159660,2025-12-12,2025-12-15,1.9419,1.9325,0.99515938,,0.445,10.644,142.518,152.862,2.993
159660,2025-12-15,2025-12-16,1.9325,1.936,1.00181113,,-0.427,-3.963,77.556,73.992,-8.069
159660,2025-12-16,2025-12-17,1.936,1.8979,0.98032025,,0.343,-5.181,-218.398,-223.802,-3.765
159660,2025-12-17,2025-12-18,1.8979,1.9266,1.01512198,,-1.033,5.062,349.638,355.947,0.384
159660,2025-12-18,2025-12-19,1.9266,1.9507,1.01250908,,-0.786,-8.576,-20.691,-28.466,-5.461
159660,2025-12-19,2025-12-22,1.9507,1.9602,1.00487005,,-0.009,10.060,-83.958,-73.974,3.109
159660,2025-12-22,2025-12-23,1.9602,1.9685,1.00423426,,-0.216,0.215,3.726,4.157,-7.159
159660,2025-12-23,2025-12-24,1.9685,1.9723,1.00193040,,-0.003,3.838,-22.727,-18.895,-7.376
159660,2025-12-24,2025-12-25,1.9723,1.9701,0.99888455,,0.056,-6.327,0.056,-6.327,-11.154
159660,2025-12-25,2025-12-26,1.9701,1.9682,0.99903558,,-0.233,-1.226,-31.433,-32.423,-5.063
159660,2025-12-26,2025-12-29,1.9682,1.9583,0.99497002,,-0.143,-6.396,-41.916,-48.143,-3.981
159660,2025-12-29,2025-12-30,1.9583,1.9539,0.99775315,,-0.199,10.756,21.558,32.537,2.218
159660,2025-12-30,2025-12-31,1.9539,1.936,0.99083884,,0.388,0.111,-58.617,-58.893,-8.141
159660,2025-12-31,2026-01-05,1.936,1.946,1.00516529,,-0.034,-0.170,162.281,162.143,-8.286
159660,2026-01-05,2026-01-06,1.946,1.9626,1.00853032,,-0.351,-10.460,15.950,5.825,-8.467
159660,2026-01-06,2026-01-07,1.9626,1.9641,1.00076429,,0.112,0.683,-87.383,-86.817,2.107
159660,2026-01-07,2026-01-08,1.9641,1.9531,0.99439947,,-0.200,11.065,-62.921,-51.727,1.225
159660,2026-01-08,2026-01-09,1.9531,1.971,1.00916492,,-0.024,-7.004,159.716,152.625,-9.854
159660,2026-01-09,2026-01-12,1.971,1.9719,1.00045662,,-0.884,-3.023,-93.236,-95.354,-3.736
159660,2026-01-12,2026-01-13,1.9719,1.9683,0.99817435,,0.181,-2.956,-25.829,-28.958,-0.532
159660,2026-01-13,2026-01-14,1.9683,1.9478,0.98958492,,0.679,11.100,-88.982,-78.655,3.104
159660,2026-01-14,2026-01-15,1.9478,1.9524,1.00236164,,-0.233,-10.216,140.355,130.232,-8.220
159660,2026-01-15,2026-01-16,1.9524,1.9514,0.99948781,,-0.143,5.710,-38.857,-33.026,1.855
159660,2026-01-16,2026-01-19,1.9514,1.9505,0.99953879,,-0.760,1.813,-0.760,1.813,-4.612
159660,2026-01-19,2026-01-20,1.9505,1.9071,0.97774930,,-4.126,-11.688,-209.393,-216.800,-10.547
159660,2026-01-20,2026-01-21,1.9071,1.9335,1.01384301,,1.579,2.007,357.031,357.475,2.722
159660,2026-01-21,2026-01-22,1.9335,1.9494,1.00822343,,5.752,19.345,-53.432,-39.920,6.466
159660,2026-01-22,2026-01-23,1.9494,1.9539,1.00230840,,1.838,1.281,-39.436,-39.990,-11.018
159660,2026-01-23,2026-01-26,1.9539,1.96,1.00312196,,1.488,-12.957,9.399,-5.057,-10.812
159660,2026-01-26,2026-01-27,1.96,1.9784,1.00938776,,3.580,20.503,49.425,66.426,5.728
159660,2026-01-27,2026-01-28,1.9784,1.9821,1.00187020,,1.474,-15.562,-54.126,-71.068,-13.272
159660,2026-01-28,2026-01-29,1.9821,1.9712,0.99450078,,-4.076,11.562,-89.004,-73.500,-1.783
159660,2026-01-29,2026-01-30,1.9712,1.9422,0.98528815,,-5.814,-21.570,-81.181,-96.818,-19.136
159660,2026-01-30,2026-02-02,1.9422,1.9561,1.00715683,,-3.739,11.197,199.903,215.143,-1.300
159660,2026-02-02,2026-02-03,1.9561,1.9234,0.98328306,,0.533,-1.177,-226.110,-227.781,-11.950
159660,2026-02-03,2026-02-04,1.9234,1.8875,0.98133514,,0.506,-15.582,-20.985,-37.039,-10.269
159660,2026-02-04,2026-02-05,1.8875,1.8626,0.98680795,,0.456,2.902,40.100,42.555,5.778
159660,2026-02-05,2026-02-06,1.8626,1.9029,1.02163642,,-1.253,11.260,355.945,368.905,1.621
159660,2026-02-06,2026-02-09,1.9029,1.9156,1.00667402,,-0.272,-0.550,-135.360,-135.635,-9.899
159660,2026-02-09,2026-02-10,1.9156,1.9033,0.99357904,,0.696,-5.776,-130.625,-137.012,-8.654
159660,2026-02-10,2026-02-11,1.9033,1.9083,1.00262702,,-0.140,-5.754,85.236,79.574,-3.019
159660,2026-02-11,2026-02-12,1.9083,1.87,0.97992978,,0.445,11.686,-232.001,-221.022,3.182
159660,2026-02-12,2026-02-13,1.87,1.872,1.00106952,,0.928,-9.871,227.665,216.622,-7.567
159660,2026-02-13,2026-02-24,1.872,1.8911,1.01020299,,0.912,16.638,90.983,106.850,3.218
159660,2026-02-24,2026-02-25,1.8911,1.9151,1.01269103,,-0.427,-0.409,31.650,31.668,-13.824
159660,2026-02-25,2026-02-26,1.9151,1.8904,0.98710250,,0.630,-12.787,-253.077,-266.154,-12.787
159660,2026-02-26,2026-02-27,1.8904,1.8849,0.99709056,,0.599,-0.557,88.269,87.104,0.599
159660,2026-02-27,2026-03-02,1.8849,1.8875,1.00137938,,-0.408,22.172,42.454,65.130,0.748
159660,2026-03-02,2026-03-03,1.8875,1.8631,0.98707285,,0.924,-25.652,-121.013,-147.265,-20.454
159660,2026-03-03,2026-03-04,1.8631,1.8922,1.01561913,,-0.227,21.947,262.808,285.565,4.984
159660,2026-03-04,2026-03-05,1.8922,1.8836,0.99545503,,0.628,-18.902,-177.029,-196.212,-16.299
159660,2026-03-05,2026-03-06,1.8836,1.856,0.98534721,,1.766,-14.865,-120.250,-136.678,4.375
159660,2026-03-06,2026-03-09,1.856,1.8838,1.01497845,,-1.293,43.533,285.407,331.518,17.973
159660,2026-03-09,2026-03-10,1.8838,1.8783,0.99708037,,0.561,-15.481,-133.574,-149.401,-24.889
159660,2026-03-10,2026-03-11,1.8783,1.8772,0.99941436,,0.148,-15.360,7.891,-7.629,-9.275
159660,2026-03-11,2026-03-12,1.8772,1.846,0.98337950,,0.630,-0.235,-175.556,-176.407,6.725
159660,2026-03-12,2026-03-13,1.846,1.8359,0.99452871,,0.676,0.391,113.138,112.850,7.637
159660,2026-03-13,2026-03-16,1.8359,1.8578,1.01192875,,-0.666,20.509,175.356,196.904,6.579
159660,2026-03-16,2026-03-17,1.8578,1.8646,1.00366024,,-0.156,-6.522,-61.369,-67.695,-14.058
159660,2026-03-17,2026-03-18,1.8646,1.8366,0.98498337,,0.668,-16.435,-192.488,-209.261,-6.873
159660,2026-03-18,2026-03-19,1.8366,1.833,0.99803986,,-0.572,20.192,115.902,136.907,9.006
159660,2026-03-19,2026-03-20,1.833,1.7968,0.98025095,,1.179,-30.677,-158.407,-189.755,-9.986
159660,2026-03-20,2026-03-23,1.7968,1.8222,1.01413624,,-1.161,33.834,313.942,350.040,19.592
159660,2026-03-23,2026-03-24,1.8222,1.8058,0.99099989,,1.047,-8.511,-195.076,-204.447,-13.149
159660,2026-03-24,2026-03-25,1.8058,1.8169,1.00614686,,-0.735,-26.362,144.204,118.205,-5.376
159660,2026-03-25,2026-03-26,1.8169,1.7774,0.97825967,,0.443,9.166,-302.800,-294.342,21.486
159660,2026-03-26,2026-03-27,1.7774,1.7454,0.98199617,,0.471,0.919,47.396,47.847,12.780
159660,2026-03-27,2026-03-30,1.7454,1.7339,0.99341125,,-0.108,15.948,117.173,133.418,11.752
159660,2026-03-30,2026-03-31,1.7339,1.7921,1.03356595,,-2.702,17.577,420.803,441.940,-6.890
159660,2026-03-31,2026-04-01,1.7921,1.8089,1.00937448,,0.592,-2.833,-216.893,-220.243,-23.834
159660,2026-04-01,2026-04-02,1.8089,1.8072,0.99906020,,0.999,-27.104,-104.988,-132.794,-20.010
159660,2026-04-02,2026-04-03,1.8072,1.8084,1.00066401,,-0.473,17.540,-0.473,17.540,6.640
159660,2026-04-03,2026-04-07,1.8084,1.8181,1.00536386,,-0.633,13.793,-7.042,7.375,-11.513
159660,2026-04-07,2026-04-08,1.8181,1.866,1.02634619,,-0.092,-20.858,285.128,263.769,-25.362
159660,2026-04-08,2026-04-09,1.866,1.8786,1.00675241,,0.222,-5.019,-211.368,-216.499,-4.291
159660,2026-04-09,2026-04-10,1.8786,1.8812,1.00138401,,-0.544,-0.252,-58.316,-58.027,0.185
159660,2026-04-10,2026-04-13,1.8812,1.9011,1.01057835,,-1.103,8.664,91.562,101.419,-0.666
159660,2026-04-13,2026-04-14,1.9011,1.9335,1.01704276,,-0.613,-8.332,72.687,64.911,-9.934
159660,2026-04-14,2026-04-15,1.9335,1.9603,1.01386087,,-0.071,-6.629,-39.591,-46.123,-1.674
159660,2026-04-15,2026-04-16,1.9603,1.9707,1.00530531,,-0.930,3.152,-90.959,-86.913,4.027
159660,2026-04-16,2026-04-17,1.9707,1.9962,1.01293956,,-0.384,-3.297,79.116,76.179,0.490
159660,2026-04-17,2026-04-20,1.9962,1.9905,0.99714457,,-1.559,10.104,-159.178,-147.700,2.230
159660,2026-04-20,2026-04-21,1.9905,1.9807,0.99507661,,0.297,-13.539,-10.656,-24.476,-7.570
159660,2026-04-21,2026-04-22,1.9807,2.016,1.01782198,,-0.736,3.054,214.731,218.603,5.241
159660,2026-04-22,2026-04-23,2.016,2.0048,0.99444444,,-0.319,-1.629,-226.698,-227.978,1.866
159660,2026-04-23,2026-04-24,2.0048,2.0443,1.01970271,,-1.064,16.288,252.323,270.115,2.432
159660,2026-04-24,2026-04-27,2.0443,2.0417,0.99872817,,0.381,-14.909,-189.740,-204.739,-13.453
159660,2026-04-27,2026-04-28,2.0417,2.0213,0.99000833,,-0.037,-1.349,-102.089,-103.387,1.421
159660,2026-04-28,2026-04-29,2.0213,2.0336,1.00608519,,-0.380,-0.525,161.020,160.873,2.390
159660,2026-04-29,2026-04-30,2.0336,2.0539,1.00998230,,-0.635,11.908,38.208,50.800,2.280
159660,2026-04-30,2026-05-06,2.0539,2.1375,1.04070305,,-0.756,0.567,109.141,110.479,-10.373
159660,2026-05-06,2026-05-07,2.1375,2.1326,0.99770760,,0.317,-12.809,-215.993,-228.836,-10.622
159660,2026-05-07,2026-05-08,2.1326,2.1831,1.02368002,,-0.358,6.945,247.178,254.662,1.832
159660,2026-05-08,2026-05-11,2.1831,2.1884,1.00242774,,0.098,0.977,-200.806,-199.944,-5.012
159660,2026-05-11,2026-05-12,2.1884,2.168,0.99067812,,-0.020,-6.739,-116.246,-122.886,-6.009
159660,2026-05-12,2026-05-13,2.168,2.1907,1.01047048,,0.012,5.129,192.913,198.128,0.743
159660,2026-05-13,2026-05-14,2.1907,2.2056,1.00680148,,-0.221,-6.650,-31.199,-37.608,-4.605
159660,2026-05-14,2026-05-15,2.2056,2.1725,0.98499275,,1.792,0.915,-223.120,-223.977,3.839
159660,2026-05-15,2026-05-18,2.1725,2.1633,0.99576525,,-0.339,11.361,110.292,122.122,2.584
159660,2026-05-18,2026-05-19,2.1633,2.1484,0.99311237,,0.380,-11.602,-15.310,-27.273,-8.388
159660,2026-05-19,2026-05-20,2.1484,2.1846,1.01684975,,-0.920,9.322,227.141,237.616,2.297
159660,2026-05-20,2026-05-21,2.1846,2.1877,1.00141902,,0.889,-9.638,-142.570,-152.946,-6.130
159660,2026-05-21,2026-05-22,2.1877,2.1977,1.00457101,,-0.180,11.385,21.807,33.397,3.332
159660,2026-05-22,2026-05-25,2.1977,2.1958,0.99913546,,-0.602,-4.256,-0.602,-4.256,-8.645
159660,2026-05-25,2026-05-26,2.1958,2.2334,1.01712360,,-0.558,-5.388,132.778,127.883,-4.949
159660,2026-05-26,2026-05-27,2.2334,2.2314,0.99910450,,-0.144,7.769,-182.450,-174.681,0.295
159660,2026-05-27,2026-05-28,2.2314,2.2484,1.00761854,,0.201,2.113,93.052,94.982,-7.268
159660,2026-05-28,2026-05-29,2.2484,2.2544,1.00266856,,-0.062,-8.121,-47.023,-55.044,-9.440
159660,2026-05-29,2026-06-01,2.2544,2.2674,1.00576650,,-0.569,-4.821,22.751,18.488,-1.889
159660,2026-06-01,2026-06-02,2.2674,2.2789,1.00507189,,-0.317,3.057,-11.724,-8.354,2.617
159660,2026-06-02,2026-06-03,2.2789,2.2722,0.99705999,,0.184,-3.042,-76.682,-79.883,-0.256
159660,2026-06-03,2026-06-04,2.2722,2.261,0.99507086,,1.403,10.942,-22.986,-13.470,4.190
159660,2026-06-04,2026-06-05,2.261,2.1523,0.95192393,,2.714,-10.042,-423.139,-435.352,-4.033
159660,2026-06-05,2026-06-08,2.1523,2.1873,1.01626167,,-1.174,12.328,665.150,679.552,4.841
159660,2026-06-08,2026-06-09,2.1873,2.1612,0.98806748,,0.180,-4.805,-265.444,-270.297,-7.298
159660,2026-06-09,2026-06-10,2.1612,2.118,0.98001110,,0.777,-4.652,-86.302,-91.684,-1.718
159660,2026-06-10,2026-06-11,2.118,2.188,1.03305005,,-1.563,7.393,536.304,545.741,1.373
159660,2026-06-11,2026-06-12,2.188,2.2008,1.00585009,,0.109,-2.825,-256.099,-258.958,-5.907
159660,2026-06-12,2026-06-15,2.2008,2.2673,1.03021628,,-1.003,-7.022,239.351,233.188,-4.086
159660,2026-06-15,2026-06-16,2.2673,2.2252,0.98143166,,-0.054,4.646,-480.227,-475.753,2.883
159660,2026-06-16,2026-06-17,2.2252,2.2026,0.98984361,,-0.661,-7.412,90.397,83.584,-2.423
159660,2026-06-17,2026-06-18,2.2026,2.2581,1.02519749,,-0.916,1.140,349.490,351.618,4.076
159660,2026-06-18,2026-06-22,2.2581,2.2543,0.99831717,,-0.319,-0.464,-261.086,-261.228,2.617
159660,2026-06-22,2026-06-23,2.2543,2.1808,0.96739564,,0.450,0.011,-310.186,-310.612,3.531
159660,2026-06-23,2026-06-24,2.1808,2.172,0.99596478,,-0.513,0.954,295.331,296.842,3.007
159660,2026-06-24,2026-06-25,2.172,2.1887,1.00768877,,-0.556,7.806,118.680,127.142,1.497
159660,2026-06-25,2026-06-26,2.1887,2.1633,0.98839494,,-0.419,-8.042,-183.810,-191.293,-6.723
159660,2026-06-26,2026-06-29,2.1633,2.2122,1.02260435,,-0.753,10.258,337.790,349.174,0.567
159660,2026-06-29,2026-06-30,2.2122,2.2472,1.01582135,,-0.401,-3.917,-56.141,-59.637,-10.082
159660,2026-06-30,2026-07-01,2.2472,2.2114,0.98406906,,1.098,-8.152,-316.372,-325.329,-5.069
159660,2026-07-01,2026-07-02,2.2114,2.1763,0.98412770,,-0.773,8.339,-7.556,1.549,2.312
159660,2026-07-02,2026-07-03,2.1763,2.175,0.99940266,,0.048,-8.763,0.048,-8.763,-5.973
159660,2026-07-03,2026-07-06,2.175,2.2029,1.01282759,,-0.245,4.310,291.133,295.822,2.547
159660,2026-07-06,2026-07-07,2.2029,2.1637,0.98220527,,0.524,-4.617,-298.165,-303.152,-1.239
159660,2026-07-07,2026-07-08,2.1637,2.1702,1.00300411,,-0.611,8.797,207.041,216.644,2.769
159660,2026-07-08,2026-07-09,2.1702,2.204,1.01557460,,-0.350,0.536,134.235,135.133,-6.372
159660,2026-07-09,2026-07-10,2.204,2.2097,1.00258621,,-0.177,-4.585,-127.363,-131.715,-7.084
159660,2026-07-10,2026-07-13,2.2097,2.1676,0.98094764,,0.030,-5.117,-220.314,-225.348,-2.470
159660,2026-07-13,2026-07-14,2.1676,2.1919,1.01121056,,-0.662,13.769,303.232,318.101,1.986
159660,2026-07-14,2026-07-15,2.1919,2.1831,0.99598522,,-0.128,-11.748,-137.004,-148.464,-11.895
159660,2026-07-15,2026-07-16,2.1831,2.1479,0.98387614,,0.538,-3.289,-133.184,-136.960,0.391
159660,2026-07-16,2026-07-17,2.1479,2.1166,0.98542763,,-0.137,1.484,12.475,14.097,3.545
159660,2026-07-17,2026-07-20,2.1166,2.1178,1.00056695,,-0.438,6.187,155.138,161.867,1.622
159660,2026-07-20,2026-07-21,2.1178,2.1574,1.01869865,,-0.957,-7.873,187.514,180.468,-5.519
159660,2026-07-21,2026-07-22,2.1574,2.1463,0.99485492,,0.084,6.417,-241.749,-235.569,2.440
159660,2026-07-22,2026-07-23,2.1463,2.1053,0.98089736,,0.232,-8.598,-133.971,-142.682,-3.743
159660,2026-07-23,2026-07-24,2.1053,2.0822,0.98902769,,0.208,9.193,74.217,83.268,5.068
159660,2026-07-24,2026-07-27,2.0822,2.0747,0.99639804,,-0.225,-6.848,83.783,77.104,-4.346
159660,2026-07-27,2026-07-28,2.0747,2.0549,0.99045645,,0.553,7.329,-66.438,-59.707,3.057
159660,2026-07-28,2026-07-29,2.0549,2.0118,0.97902574,,0.043,-3.195,-108.164,-111.368,-4.226
159660,2026-07-29,2026-07-30,2.0118,2.079,1.03340292,,-1.010,-2.336,552.049,550.650,-2.041
159660,2026-07-30,2026-07-31,2.079,2.0915,1.00601251,,0.112,-0.183,-267.325,-267.611,0.407
159660,2026-07-31,2026-08-03,2.0915,2.1285,1.01769065,,-1.430,-3.639,115.899,113.665,-0.841
159660,2026-08-03,2026-08-04,2.1285,2.1997,1.03345079,,-0.697,6.226,151.167,158.195,2.101
159660,2026-08-04,2026-08-05,2.1997,2.1806,0.99131700,,-0.219,-5.225,-401.728,-406.533,-4.342
159660,2026-08-05,2026-08-06,2.1806,2.1723,0.99619371,,-0.128,-0.569,43.943,43.500,0.756
159660,2026-08-06,2026-08-07,2.1723,2.1983,1.01196888,,-0.452,3.820,157.776,162.116,0.873
159660,2026-08-07,2026-08-10,2.1983,2.1903,0.99636082,,0.358,-4.943,-150.474,-155.695,-2.588
159660,2026-08-10,2026-08-11,2.1903,2.1836,0.99694106,,-0.423,4.586,0.877,5.887,1.933
159660,2026-08-11,2026-08-12,2.1836,2.1991,1.00709837,,0.117,-3.418,106.517,102.945,-2.534
159660,2026-08-12,2026-08-13,2.1991,2.2245,1.01155018,,-0.341,2.016,40.771,43.138,0.543
159660,2026-08-13,2026-08-14,2.2245,2.2214,0.99860643,,0.287,-0.450,-125.969,-126.697,-1.186
159660,2026-08-14,2026-08-17,2.2214,2.2174,0.99819933,,-0.378,-5.826,-4.526,-9.973,-1.115
159660,2026-08-17,2026-08-18,2.2174,2.1811,0.98362948,,-0.178,12.057,-151.703,-139.654,4.537
159660,2026-08-18,2026-08-19,2.1811,2.1747,0.99706570,,0.172,-0.560,148.820,148.077,-7.339
159660,2026-08-19,2026-08-20,2.1747,2.1578,0.99222881,,1.366,-6.740,-49.068,-57.134,-5.414
159660,2026-08-20,2026-08-21,2.1578,2.1653,1.00347576,,0.665,-1.546,106.534,104.299,1.992
159660,2026-08-21,2026-08-24,2.1653,2.1449,0.99057867,,-0.248,1.669,-130.051,-128.159,3.291
159660,2026-08-24,2026-08-25,2.1449,2.1589,1.00652711,,-0.462,4.551,162.697,167.792,1.160
159660,2026-08-25,2026-08-26,2.1589,2.1593,1.00018528,,0.010,-5.001,-58.485,-63.466,-3.380
159660,2026-08-26,2026-08-27,2.1593,2.1903,1.01435650,,-0.771,5.128,136.614,142.594,0.851
159660,2026-08-27,2026-08-28,2.1903,2.1741,0.99260375,,0.502,-6.279,-209.431,-216.069,-3.773
159660,2026-08-28,2026-08-31,2.1741,2.1763,1.00101191,,-0.387,4.922,78.376,83.727,2.120
159660,2026-08-31,2026-09-01,2.1763,2.1476,0.98681248,,-0.196,-5.945,-136.998,-142.669,-2.997
159660,2026-09-01,2026-09-02,2.1476,2.1531,1.00256100,,-0.082,6.113,153.550,159.840,2.867
159660,2026-09-02,2026-09-03,2.1531,2.1775,1.01133250,,0.285,-0.009,93.657,93.361,-2.959
159660,2026-09-03,2026-09-04,2.1775,2.1817,1.00192882,,1.266,-2.863,-92.992,-97.083,-1.684
159660,2026-09-04,2026-09-07,2.1817,2.1818,1.00004584,,-0.722,-0.869,-0.722,-0.869,0.458
159660,2026-09-07,2026-09-08,2.1818,2.1793,0.99885416,,-0.444,6.049,-33.689,-27.218,0.884
159660,2026-09-08,2026-09-09,2.1793,2.1717,0.99651264,,-0.533,-5.252,-17.408,-22.119,-5.694
159660,2026-09-09,2026-09-10,2.1717,2.1481,0.98913294,,-0.137,2.816,-79.268,-76.339,-0.579
159660,2026-09-10,2026-09-11,2.1481,2.1668,1.00870537,,-0.547,2.704,200.746,204.062,-3.941
513390,2025-01-02,2025-01-03,1.6948,1.7231,1.01669814,,0.005,0.144,,,-0.134
513390,2025-01-03,2025-01-06,1.7231,1.7417,1.01079450,,-1.176,-1.871,-57.924,-58.615,-1.454
513390,2025-01-06,2025-01-07,1.7417,1.7107,0.98220130,,0.871,0.176,-284.697,-285.373,1.289
513390,2025-01-07,2025-01-08,1.7107,1.7116,1.00052610,,0.407,1.659,186.748,188.023,1.520
513390,2025-01-08,2025-01-09,1.7116,1.7115,0.99994158,,-0.445,-1.280,-0.445,-1.280,-0.584
513390,2025-01-09,2025-01-10,1.7115,1.6848,0.98439965,,0.719,2.250,-160.369,-158.863,1.415
513390,2025-01-10,2025-01-13,1.6848,1.6795,0.99685423,,-0.475,-0.336,128.798,128.939,-1.310
513390,2025-01-13,2025-01-14,1.6795,1.6771,0.99857100,,-0.178,-1.848,16.886,15.214,-1.152
513390,2025-01-14,2025-01-15,1.6771,1.7158,1.02307555,,-1.379,-0.405,243.503,244.501,-0.683
513390,2025-01-15,2025-01-16,1.7158,1.7039,0.99306446,,-0.052,-1.443,-293.735,-295.085,-0.330
513390,2025-01-16,2025-01-17,1.7039,1.7322,1.01660896,,-0.925,0.606,235.612,237.179,0.188
513390,2025-01-17,2025-01-20,1.7322,1.732,0.99988454,,-0.737,24.364,-0.737,24.364,-1.155
513390,2025-01-20,2025-01-21,1.732,1.7377,1.00329099,,0.049,-24.435,-105.630,-129.854,-25.409
513390,2025-01-21,2025-01-22,1.7377,1.7605,1.01312079,,-0.635,-3.284,73.301,70.633,-1.611
513390,2025-01-22,2025-01-23,1.7605,1.7646,1.00232888,,-0.321,1.771,-109.771,-107.701,1.353
513390,2025-01-23,2025-01-24,1.7646,1.7544,0.99421965,,0.568,1.126,-79.147,-78.593,0.149
513390,2025-01-24,2025-01-27,1.7544,1.702,0.97013224,,-0.733,-1.012,-241.176,-241.448,-1.709
513390,2025-01-27,2025-02-05,1.702,1.7442,1.02479436,,-2.555,-2.973,347.068,346.635,-3.252
513390,2025-02-05,2025-02-06,1.7442,1.7535,1.00533196,,0.082,-1.313,11.247,9.851,-0.197
513390,2025-02-06,2025-02-07,1.7535,1.731,0.98716852,,0.450,0.451,-181.960,-181.960,1.566
513390,2025-02-07,2025-02-10,1.731,1.7525,1.01242057,,-0.420,-0.559,256.265,256.122,0.696
513390,2025-02-10,2025-02-11,1.7525,1.7478,0.99731812,,0.986,3.078,-149.722,-147.662,2.241
513390,2025-02-11,2025-02-12,1.7478,1.7496,1.00102987,,-0.728,-2.819,40.306,38.207,-1.565
513390,2025-02-12,2025-02-13,1.7496,1.7748,1.01440329,,-0.629,2.439,130.740,133.848,0.626
513390,2025-02-13,2025-02-14,1.7748,1.7813,1.00366238,,0.323,-0.932,-103.471,-104.713,-1.490
513390,2025-02-14,2025-02-17,1.7813,1.7811,0.99988772,,-0.565,-0.425,-0.565,-0.425,-1.123
513390,2025-02-17,2025-02-18,1.7811,1.7849,1.00213351,,-0.538,-2.351,-16.024,-17.834,-1.235
513390,2025-02-18,2025-02-19,1.7849,1.786,1.00061628,,0.088,0.228,-17.487,-17.348,1.204
513390,2025-02-19,2025-02-20,1.786,1.7775,0.99524076,,-0.069,3.139,-53.496,-50.305,0.907
513390,2025-02-20,2025-02-21,1.7775,1.7407,0.97929677,,0.890,-4.270,-157.114,-162.192,-1.342
513390,2025-02-21,2025-02-24,1.7407,1.7201,0.98816568,,-0.020,1.654,86.256,87.944,2.909
513390,2025-02-24,2025-02-25,1.7201,1.6991,0.98779141,,0.714,1.132,-2.134,-1.716,1.969
513390,2025-02-25,2025-02-26,1.6991,1.7028,1.00217762,,-0.718,-0.997,146.789,146.506,0.118
513390,2025-02-26,2025-02-27,1.7028,1.6563,0.97269204,,1.256,2.650,-295.183,-293.830,2.371
513390,2025-02-27,2025-02-28,1.6563,1.6831,1.01618064,,-0.168,-1.422,449.864,448.553,-0.446
513390,2025-02-28,2025-03-03,1.6831,1.6464,0.97819500,,0.711,2.523,-375.177,-373.433,1.687
513390,2025-03-03,2025-03-04,1.6464,1.6404,0.99635569,,0.155,2.804,188.225,190.925,-0.682
513390,2025-03-04,2025-03-05,1.6404,1.662,1.01316752,,-0.363,-0.780,171.585,171.160,-3.848
513390,2025-03-05,2025-03-06,1.662,1.6153,0.97190132,,1.172,-3.709,-408.047,-412.729,-1.896
513390,2025-03-06,2025-03-07,1.6153,1.6278,1.00773850,,1.373,-0.718,364.887,362.720,3.187
513390,2025-03-07,2025-03-10,1.6278,1.5666,0.96240324,,1.711,4.501,-450.557,-447.893,5.617
513390,2025-03-10,2025-03-11,1.5666,1.5624,0.99731903,,-0.137,7.256,367.462,375.126,0.979
513390,2025-03-11,2025-03-12,1.5624,1.5789,1.01056068,,-1.090,-11.820,140.124,129.243,-7.362
513390,2025-03-12,2025-03-13,1.5789,1.5499,0.98163278,,1.058,4.127,-297.737,-294.760,5.522
513390,2025-03-13,2025-03-14,1.5499,1.5888,1.02509839,,0.315,8.685,447.099,455.843,1.710
513390,2025-03-14,2025-03-17,1.5888,1.5963,1.00472054,,-0.391,-13.629,-190.276,-203.263,-7.361
513390,2025-03-17,2025-03-18,1.5963,1.5708,0.98402556,,0.082,11.384,-219.326,-208.273,6.360
513390,2025-03-18,2025-03-19,1.5708,1.5904,1.01247772,,-0.146,-13.104,300.853,287.505,-5.164
513390,2025-03-19,2025-03-20,1.5904,1.587,0.99786217,,0.616,7.729,-157.269,-150.267,8.566
513390,2025-03-20,2025-03-21,1.587,1.5932,1.00390674,,-0.575,-2.525,68.351,66.388,0.261
513390,2025-03-21,2025-03-24,1.5932,1.6277,1.02165453,,-2.146,-0.474,174.217,175.919,0.641
513390,2025-03-24,2025-03-25,1.6277,1.6373,1.00589789,,4.618,10.475,-154.693,-148.930,5.734
513390,2025-03-25,2025-03-26,1.6373,1.6058,0.98076101,,-5.046,-11.032,-239.682,-245.528,-9.779
513390,2025-03-26,2025-03-27,1.6058,1.5968,0.99439532,,2.151,4.939,127.832,130.655,3.405
513390,2025-03-27,2025-03-28,1.5968,1.555,0.97382265,,0.986,-4.727,-202.050,-207.646,-0.547
513390,2025-03-28,2025-03-31,1.555,1.5556,1.00038585,,1.208,6.365,267.917,273.212,5.389
513390,2025-03-31,2025-04-01,1.5556,1.5671,1.00739265,,-6.975,-10.455,76.451,72.942,-7.950
513390,2025-04-01,2025-04-02,1.5671,1.5793,1.00778508,,0.533,-10.317,-6.563,-17.406,3.041
513390,2025-04-02,2025-04-03,1.5793,1.4963,0.94744507,,3.459,4.171,-608.438,-607.769,16.835
513390,2025-04-03,2025-04-07,1.4963,1.4111,0.94305955,,8.087,12.688,601.084,605.958,20.756
513390,2025-04-07,2025-04-08,1.4111,1.3817,0.97916519,,-21.431,-17.271,-234.749,-230.677,-13.391
513390,2025-04-08,2025-04-09,1.3817,1.5484,1.12064848,,-0.089,0.190,1425.172,1425.490,3.798
513390,2025-04-09,2025-04-10,1.5484,1.4845,0.95873159,,2.608,6.911,-1444.687,-1441.007,6.217
513390,2025-04-10,2025-04-11,1.4845,1.5127,1.01899630,,1.753,-2.131,635.933,631.803,1.059
513390,2025-04-11,2025-04-14,1.5127,1.5217,1.00594963,,-0.409,4.724,-130.138,-125.072,2.782
513390,2025-04-14,2025-04-15,1.5217,1.524,1.00151147,,-1.139,-8.208,-39.416,-46.458,-3.080
513390,2025-04-15,2025-04-16,1.524,1.4784,0.97007874,,-0.112,11.682,-321.803,-310.389,5.020
513390,2025-04-16,2025-04-17,1.4784,1.4773,0.99925595,,-1.033,-5.468,312.805,308.231,-7.687
513390,2025-04-17,2025-04-18,1.4773,1.477,0.99979693,,0.189,-0.088,0.189,-0.088,-2.031
513390,2025-04-18,2025-04-21,1.477,1.4403,0.97515234,,-0.237,-4.815,-246.822,-251.288,-2.179
513390,2025-04-21,2025-04-22,1.4403,1.4784,1.02645282,,-1.012,-4.200,521.008,517.654,1.625
513390,2025-04-22,2025-04-23,1.4784,1.5128,1.02326840,,-1.326,6.998,-35.211,-26.914,4.500
513390,2025-04-23,2025-04-24,1.5128,1.5545,1.02756478,,-0.556,1.387,49.014,50.967,-3.052
513390,2025-04-24,2025-04-25,1.5545,1.5714,1.01087166,,-0.331,-1.578,-161.089,-162.316,-4.769
513390,2025-04-25,2025-04-28,1.5714,1.5703,0.99929999,,-1.098,-2.347,-116.032,-117.266,-4.289
513390,2025-04-28,2025-04-29,1.5703,1.5795,1.00585875,,-0.022,0.118,63.272,63.412,-1.965
513390,2025-04-29,2025-04-30,1.5795,1.5813,1.00113960,,0.143,-1.107,-46.800,-48.043,-1.940
513390,2025-04-30,2025-05-06,1.5813,1.5988,1.01106684,,-1.052,-1.468,-102.686,-103.098,-1.885
513390,2025-05-06,2025-05-07,1.5988,1.6049,1.00381536,,-0.147,-9.998,128.147,118.170,-0.563
513390,2025-05-07,2025-05-08,1.6049,1.622,1.01065487,,-1.423,4.966,58.069,64.496,8.020
513390,2025-05-08,2025-05-09,1.622,1.6226,1.00036991,,1.703,8.782,-96.850,-89.841,4.756
513390,2025-05-09,2025-05-12,1.6226,1.6872,1.03981265,,0.189,6.580,403.410,410.059,-3.834
513390,2025-05-12,2025-05-13,1.6872,1.712,1.01469891,,-0.354,-5.902,-235.101,-240.518,-10.761
513390,2025-05-13,2025-05-14,1.712,1.7209,1.00519860,,-0.444,-6.278,-99.474,-105.250,-5.306
513390,2025-05-14,2025-05-15,1.7209,1.7227,1.00104596,,1.693,6.143,-47.564,-43.136,2.666
513390,2025-05-15,2025-05-16,1.7227,1.7298,1.00412144,,1.521,1.105,36.884,36.467,-1.953
513390,2025-05-16,2025-05-19,1.7298,1.731,1.00069372,,1.079,-4.064,-33.035,-38.161,-1.979
513390,2025-05-19,2025-05-20,1.731,1.7251,0.99659157,,0.993,2.245,-45.041,-43.795,3.079
513390,2025-05-20,2025-05-21,1.7251,1.7021,0.98666744,,0.175,5.739,-97.358,-91.849,1.010
513390,2025-05-21,2025-05-22,1.7021,1.7038,1.00099877,,-0.510,-7.460,151.072,144.017,-5.237
513390,2025-05-22,2025-05-23,1.7038,1.6884,0.99096138,,0.640,14.841,-107.659,-93.612,2.865
513390,2025-05-23,2025-05-26,1.6884,1.6863,0.99875622,,-0.480,-18.413,-0.480,-18.413,-12.438
513390,2025-05-26,2025-05-27,1.6863,1.7274,1.02437289,,-1.113,2.368,333.938,337.535,4.873
513390,2025-05-27,2025-05-28,1.7274,1.7201,0.99577400,,0.460,1.156,-276.883,-276.206,2.965
513390,2025-05-28,2025-05-29,1.7201,1.724,1.00226731,,-0.612,9.409,66.373,76.461,1.196
513390,2025-05-29,2025-05-30,1.724,1.7209,0.99820186,,0.964,-10.162,-31.192,-42.282,-7.242
513390,2025-05-30,2025-06-03,1.7209,1.7471,1.01522459,,-1.391,-0.834,88.927,89.489,1.532
513390,2025-06-03,2025-06-04,1.7471,1.7524,1.00303360,,0.570,5.858,-51.116,-45.855,2.935
513390,2025-06-04,2025-06-05,1.7524,1.7379,0.99172563,,0.487,0.349,-106.946,-107.082,-2.434
513390,2025-06-05,2025-06-06,1.7379,1.7548,1.00972438,,0.566,-3.608,181.844,177.594,-2.217
513390,2025-06-06,2025-06-09,1.7548,1.758,1.00182357,,0.262,3.742,-81.827,-78.376,1.653
513390,2025-06-09,2025-06-10,1.758,1.7692,1.00637088,,-0.273,1.120,49.149,50.549,-2.360
513390,2025-06-10,2025-06-11,1.7692,1.762,0.99593036,,-0.260,-2.069,-102.636,-104.426,-3.740
513390,2025-06-11,2025-06-12,1.762,1.7659,1.00221339,,-0.215,2.432,61.005,63.668,-1.886
513390,2025-06-12,2025-06-13,1.7659,1.7426,0.98680559,,1.150,-5.536,-151.343,-157.926,-3.168
513390,2025-06-13,2025-06-16,1.7426,1.7676,1.01434638,,-0.638,7.725,273.400,281.992,1.731
513390,2025-06-16,2025-06-17,1.7676,1.749,0.98947726,,0.302,-7.777,-237.638,-245.525,-5.688
513390,2025-06-17,2025-06-18,1.749,1.7494,1.00022870,,-0.085,6.468,100.796,107.415,2.006
513390,2025-06-18,2025-06-19,1.7494,1.7486,0.99954270,,-0.114,0.167,-0.114,0.167,-4.573
513390,2025-06-19,2025-06-20,1.7486,1.7404,0.99531053,,0.785,-6.046,-42.454,-49.256,-3.955
513390,2025-06-20,2025-06-23,1.7404,1.7591,1.01074466,,-0.981,8.648,148.928,158.702,1.111
513390,2025-06-23,2025-06-24,1.7591,1.7846,1.01449605,,-0.293,-9.496,45.795,36.549,-7.823
513390,2025-06-24,2025-06-25,1.7846,1.7887,1.00229743,,0.017,8.395,-129.625,-121.356,1.691
513390,2025-06-25,2025-06-26,1.7887,1.8043,1.00872142,,-0.255,-7.929,72.541,64.811,-6.952
513390,2025-06-26,2025-06-27,1.8043,1.8114,1.00393504,,-0.347,6.358,-55.341,-48.673,0.631
513390,2025-06-27,2025-06-30,1.8114,1.822,1.00585183,,0.017,1.558,25.463,27.008,-5.707
513390,2025-06-30,2025-07-01,1.822,1.8045,0.99039517,,-0.280,-9.220,-152.134,-160.938,-7.544
513390,2025-07-01,2025-07-02,1.8045,1.818,1.00748130,,0.273,5.167,163.139,168.113,1.950
513390,2025-07-02,2025-07-03,1.818,1.8356,1.00968097,,0.642,-4.250,27.011,22.106,-2.573
513390,2025-07-03,2025-07-04,1.8356,1.8358,1.00010896,,-0.588,5.146,-0.588,5.146,1.090
513390,2025-07-04,2025-07-07,1.8358,1.8204,0.99161129,,-0.541,-8.508,-177.510,-185.335,-4.595
513390,2025-07-07,2025-07-08,1.8204,1.8224,1.00109866,,-0.284,2.652,87.087,90.050,3.631
513390,2025-07-08,2025-07-09,1.8224,1.8356,1.00724320,,-0.201,5.112,64.047,69.395,0.777
513390,2025-07-09,2025-07-10,1.8356,1.832,0.99803879,,0.306,0.868,-86.316,-85.760,-4.027
513390,2025-07-10,2025-07-11,1.832,1.8272,0.99737991,,-0.002,-7.134,-5.734,-12.862,-4.897
513390,2025-07-11,2025-07-14,1.8272,1.8334,1.00339317,,-1.246,0.013,53.114,54.380,0.993
513390,2025-07-14,2025-07-15,1.8334,1.8358,1.00130904,,-0.560,-3.496,-20.757,-23.687,0.419
513390,2025-07-15,2025-07-16,1.8358,1.8384,1.00141628,,0.026,13.042,-2.425,10.587,3.942
513390,2025-07-16,2025-07-17,1.8384,1.8503,1.00647302,,-1.657,-15.913,63.603,49.255,-10.743
513390,2025-07-17,2025-07-18,1.8503,1.8501,0.99989191,,0.495,2.316,-81.196,-79.391,5.673
513390,2025-07-18,2025-07-21,1.8501,1.8599,1.00529701,,-0.083,11.953,56.385,68.489,3.274
513390,2025-07-21,2025-07-22,1.8599,1.8489,0.99408570,,-0.269,-2.502,-99.703,-101.914,-8.938
513390,2025-07-22,2025-07-23,1.8489,1.8556,1.00362378,,-0.148,-2.525,93.422,91.022,-6.585
513390,2025-07-23,2025-07-24,1.8556,1.8594,1.00204786,,-0.253,-9.072,-18.224,-27.027,-4.314
513390,2025-07-24,2025-07-25,1.8594,1.8645,1.00274282,,0.092,-1.865,-2.143,-4.100,4.855
513390,2025-07-25,2025-07-28,1.8645,1.8724,1.00423706,,-0.476,0.088,13.034,13.598,6.245
513390,2025-07-28,2025-07-29,1.8724,1.8698,0.99861141,,0.509,16.471,-55.931,-40.060,6.666
513390,2025-07-29,2025-07-30,1.8698,1.8709,1.00058830,,-0.234,-17.428,36.300,19.043,-10.022
513390,2025-07-30,2025-07-31,1.8709,1.8621,0.99529638,,0.111,7.250,-70.224,-63.135,7.530
513390,2025-07-31,2025-08-01,1.8621,1.8257,0.98045218,,0.136,14.563,-142.002,-127.780,0.416
513390,2025-08-01,2025-08-04,1.8257,1.857,1.01714411,,-0.987,-11.055,389.343,378.882,-15.112
513390,2025-08-04,2025-08-05,1.857,1.8427,0.99229941,,0.362,-9.719,-255.044,-264.868,-3.700
513390,2025-08-05,2025-08-06,1.8427,1.8674,1.01340424,,-0.849,14.151,202.760,218.066,5.175
513390,2025-08-06,2025-08-07,1.8674,1.8717,1.00230267,,0.068,-14.073,-95.552,-109.558,-8.894
513390,2025-08-07,2025-08-08,1.8717,1.8904,1.00999092,,-0.128,1.835,62.525,64.501,5.058
513390,2025-08-08,2025-08-11,1.8904,1.8844,0.99682607,,0.900,2.302,-128.535,-127.151,4.123
513390,2025-08-11,2025-08-12,1.8844,1.9096,1.01337296,,-0.960,10.391,168.336,179.880,0.860
513390,2025-08-12,2025-08-13,1.9096,1.9086,0.99947633,,0.161,-7.540,-126.883,-134.487,-9.360
513390,2025-08-13,2025-08-14,1.9086,1.9069,0.99910929,,-0.126,-6.711,-11.209,-17.787,-1.948
513390,2025-08-14,2025-08-15,1.9069,1.8983,0.99549006,,0.668,12.309,-42.911,-31.321,5.435
513390,2025-08-15,2025-08-18,1.8983,1.8971,0.99936786,,-0.168,-12.215,51.310,39.202,-7.034
513390,2025-08-18,2025-08-19,1.8971,1.8717,0.98661114,,-0.274,1.409,-139.707,-138.047,4.913
513390,2025-08-19,2025-08-20,1.8717,1.8615,0.99455041,,-0.165,16.950,81.891,99.146,3.339
513390,2025-08-20,2025-08-21,1.8615,1.8507,0.99419823,,1.535,-16.817,13.403,-4.971,-12.055
513390,2025-08-21,2025-08-22,1.8507,1.88,1.01583185,,-0.152,27.112,200.416,228.227,4.617
513390,2025-08-22,2025-08-25,1.88,1.87,0.99468085,,0.035,-26.183,-181.666,-207.408,-22.399
513390,2025-08-25,2025-08-26,1.87,1.8786,1.00459893,,-0.375,14.673,73.267,88.426,3.419
513390,2025-08-26,2025-08-27,1.8786,1.8797,1.00058554,,-0.128,-5.041,-25.336,-30.236,-11.366
513390,2025-08-27,2025-08-28,1.8797,1.8894,1.00516040,,-0.418,-2.103,40.658,38.966,-6.746
513390,2025-08-28,2025-08-29,1.8894,1.8657,0.98745634,,0.673,-9.878,-178.198,-188.561,-3.971
513390,2025-08-29,2025-09-01,1.8657,1.8667,1.00053599,,-0.553,2.967,-0.553,2.967,5.360
513390,2025-09-01,2025-09-02,1.8667,1.8524,0.99233942,,-0.268,-0.549,43.058,42.776,2.124
513390,2025-09-02,2025-09-03,1.8524,1.8675,1.00815159,,-0.264,10.292,158.785,169.509,2.409
513390,2025-09-03,2025-09-04,1.8675,1.8835,1.00856760,,0.445,-9.118,14.423,4.847,-7.431
513390,2025-09-04,2025-09-05,1.8835,1.8855,1.00106185,,0.706,7.324,-83.470,-76.908,2.395
513390,2025-09-05,2025-09-08,1.8855,1.8934,1.00418987,,0.397,-1.572,38.594,36.617,-4.528
513390,2025-09-08,2025-09-09,1.8934,1.899,1.00295764,,-0.072,-10.625,-13.841,-24.379,-3.028
513390,2025-09-09,2025-09-10,1.899,1.9011,1.00110585,,-0.521,11.028,-29.069,-17.553,7.083
513390,2025-09-10,2025-09-11,1.9011,1.9117,1.00557572,,-0.358,-2.187,55.726,53.887,-4.298
513390,2025-09-11,2025-09-12,1.9117,1.9192,1.00392321,,-0.172,-7.490,-18.617,-25.921,-2.284
513390,2025-09-12,2025-09-15,1.9192,1.9363,1.00890996,,0.170,9.465,42.146,51.480,5.380
513390,2025-09-15,2025-09-16,1.9363,1.9339,0.99876052,,-0.278,-2.389,-91.228,-93.319,-4.359
513390,2025-09-16,2025-09-17,1.9339,1.9293,0.99762139,,-0.993,-13.089,-13.791,-25.872,-2.964
513390,2025-09-17,2025-09-18,1.9293,1.9496,1.01052195,,-0.455,3.632,116.055,120.189,9.683
513390,2025-09-18,2025-09-19,1.9496,1.9644,1.00759130,,-0.248,8.896,-25.380,-16.258,5.800
513390,2025-09-19,2025-09-22,1.9644,1.9747,1.00524333,,0.793,4.594,-14.427,-10.632,-2.301
513390,2025-09-22,2025-09-23,1.9747,1.959,0.99204943,,0.396,-9.307,-126.717,-136.298,-6.495
513390,2025-09-23,2025-09-24,1.959,1.9534,0.99714140,,-0.229,-3.181,41.973,39.009,2.585
513390,2025-09-24,2025-09-25,1.9534,1.946,0.99621173,,-0.262,0.725,-12.502,-11.516,5.506
513390,2025-09-25,2025-09-26,1.946,1.9553,1.00477903,,-0.677,12.969,86.730,100.496,4.104
513390,2025-09-26,2025-09-29,1.9553,1.9621,1.00347773,,-0.200,-4.273,0.001,-4.072,-9.054
513390,2025-09-29,2025-09-30,1.9621,1.9666,1.00229346,,-0.159,-11.548,-16.070,-27.441,-4.941
513390,2025-09-30,2025-10-09,1.9666,2.0011,1.01754297,,-0.729,13.490,-43.788,-29.630,5.885
513390,2025-10-09,2025-10-10,2.0011,1.9298,0.96436960,,0.234,-1.591,-334.193,-335.957,-7.360
513390,2025-10-10,2025-10-13,1.9298,1.9706,1.02114209,,-0.857,-8.597,587.016,578.821,-6.627
513390,2025-10-13,2025-10-14,1.9706,1.9574,0.99330153,,0.120,5.755,-281.004,-275.528,2.092
513390,2025-10-14,2025-10-15,1.9574,1.9698,1.00633493,,-0.514,-0.372,137.043,137.187,-4.175
513390,2025-10-15,2025-10-16,1.9698,1.962,0.99604021,,-0.198,-1.325,-102.668,-103.782,-4.001
513390,2025-10-16,2025-10-17,1.962,1.9742,1.00621814,,-0.300,-6.357,100.846,94.727,-2.977
513390,2025-10-17,2025-10-20,1.9742,2.0004,1.01327120,,-0.879,8.567,63.693,73.200,2.503
513390,2025-10-20,2025-10-21,2.0004,1.9981,0.99885023,,0.083,-9.357,-133.876,-143.188,-5.976
513390,2025-10-21,2025-10-22,1.9981,1.979,0.99044092,,-0.193,8.268,-93.468,-85.085,3.191
513390,2025-10-22,2025-10-23,1.979,1.9953,1.00823648,,-0.307,-6.790,188.090,181.485,-5.381
513390,2025-10-23,2025-10-24,1.9953,2.0162,1.01047462,,-0.564,7.478,15.393,23.448,0.846
513390,2025-10-24,2025-10-27,2.0162,2.0515,1.01750818,,-0.893,-3.993,77.136,74.012,-7.519
513390,2025-10-27,2025-10-28,2.0515,2.0659,1.00701925,,-0.072,-1.765,-107.036,-108.711,-3.599
513390,2025-10-28,2025-10-29,2.0659,2.074,1.00392081,,-0.348,-5.146,-32.528,-37.310,-2.183
513390,2025-10-29,2025-10-30,2.074,2.0441,0.98558341,,0.331,1.037,-187.709,-187.016,3.296
513390,2025-10-30,2025-10-31,2.0441,2.0545,1.00508781,,0.686,4.779,198.955,203.129,2.944
513390,2025-10-31,2025-11-03,2.0545,2.063,1.00413726,,-1.180,-5.553,-4.682,-9.053,-3.014
513390,2025-11-03,2025-11-04,2.063,2.021,0.97964130,,0.788,1.070,-249.367,-249.092,3.328
513390,2025-11-04,2025-11-05,2.021,2.036,1.00742207,,-0.518,6.820,284.682,292.229,1.739
513390,2025-11-05,2025-11-06,2.036,1.9959,0.98030452,,-0.736,-1.722,-262.541,-263.501,-5.813
513390,2025-11-06,2025-11-07,1.9959,1.9895,0.99679343,,-0.038,-6.952,166.451,159.422,-4.131
513390,2025-11-07,2025-11-10,1.9895,2.0339,1.02231717,,0.040,1.452,248.928,250.375,2.863
513390,2025-11-10,2025-11-11,2.0339,2.028,0.99709917,,0.137,6.208,-245.259,-239.337,1.549
513390,2025-11-11,2025-11-12,2.028,2.0258,0.99891519,,0.135,-9.036,24.433,15.240,-4.522
513390,2025-11-12,2025-11-13,2.0258,1.9851,0.97990917,,-0.034,10.134,-199.130,-189.165,4.483
513390,2025-11-13,2025-11-14,1.9851,1.9853,1.00010075,,0.742,-3.633,216.398,211.929,-4.903
513390,2025-11-14,2025-11-17,1.9853,1.9684,0.99148743,,-0.570,-7.485,-89.726,-96.579,-1.840
513390,2025-11-17,2025-11-18,1.9684,1.946,0.98862020,,0.311,3.700,-36.382,-33.004,5.959
513390,2025-11-18,2025-11-19,1.946,1.9573,1.00580678,,-0.284,-2.681,177.609,175.169,1.974
513390,2025-11-19,2025-11-20,1.9573,1.9119,0.97680478,,1.412,10.304,-290.949,-282.317,6.069
513390,2025-11-20,2025-11-21,1.9119,1.9258,1.00727025,,-0.022,-0.302,322.514,322.225,-4.253
513390,2025-11-21,2025-11-24,1.9258,1.9754,1.02575553,,-0.060,-1.047,183.211,182.206,-4.011
513390,2025-11-24,2025-11-25,1.9754,1.9862,1.00546725,,-0.441,0.831,-198.815,-197.568,-3.405
513390,2025-11-25,2025-11-26,1.9862,2.0027,1.00830732,,-0.022,-1.857,29.080,27.240,-4.257
513390,2025-11-26,2025-11-27,2.0027,2.0022,0.99975034,,-0.095,-3.909,-0.095,-3.909,-2.497
513390,2025-11-27,2025-11-28,2.0022,2.0181,1.00794126,,-0.444,5.209,-9.298,-3.650,0.968
513390,2025-11-28,2025-12-01,2.0181,2.0099,0.99593677,,-0.224,-9.404,-113.953,-123.028,-4.462
513390,2025-12-01,2025-12-02,2.0099,2.0277,1.00885616,,-0.473,10.129,120.195,130.925,4.473
513390,2025-12-02,2025-12-03,2.0277,2.0307,1.00147951,,0.625,-2.059,-63.064,-65.730,-5.026
513390,2025-12-03,2025-12-04,2.0307,2.0281,0.99871965,,-0.138,-5.367,-29.611,-34.824,-3.106
513390,2025-12-04,2025-12-05,2.0281,2.0375,1.00463488,,0.936,1.078,53.830,53.972,3.199
513390,2025-12-05,2025-12-08,2.0375,2.0329,0.99774233,,0.258,1.107,-67.537,-66.694,2.379
513390,2025-12-08,2025-12-09,2.0329,2.0363,1.00167249,,-0.445,3.654,40.501,44.617,0.827
513390,2025-12-09,2025-12-10,2.0363,2.0442,1.00387959,,-0.342,6.307,25.696,32.363,-3.168
513390,2025-12-10,2025-12-11,2.0442,2.0352,0.99559730,,0.233,-2.448,-76.247,-78.908,-9.237
513390,2025-12-11,2025-12-12,2.0352,1.995,0.98024764,,-0.124,-9.460,-156.585,-165.776,-6.915
513390,2025-12-12,2025-12-15,1.995,1.9854,0.99518797,,0.732,10.931,142.809,153.154,3.280
513390,2025-12-15,2025-12-16,1.9854,1.9889,1.00176287,,-0.908,-4.445,77.070,73.507,-8.550
513390,2025-12-16,2025-12-17,1.9889,1.9498,0.98034089,,0.553,-4.971,-218.192,-223.596,-3.555
513390,2025-12-17,2025-12-18,1.9498,1.9794,1.01518104,,-0.451,5.644,350.241,356.549,0.966
513390,2025-12-18,2025-12-19,1.9794,2.0042,1.01252905,,-0.588,-8.379,-20.494,-28.270,-5.264
513390,2025-12-19,2025-12-22,2.0042,2.0137,1.00474005,,-1.303,8.765,-85.241,-75.258,1.815
513390,2025-12-22,2025-12-23,2.0137,2.0222,1.00422109,,-0.347,0.083,3.595,4.026,-7.290
513390,2025-12-23,2025-12-24,2.0222,2.0261,1.00192859,,-0.021,3.820,-22.745,-18.913,-7.395
513390,2025-12-24,2025-12-25,2.0261,2.0238,0.99886481,,-0.142,-6.525,-0.142,-6.525,-11.352
513390,2025-12-25,2025-12-26,2.0238,2.0219,0.99906117,,0.023,-0.970,-31.177,-32.167,-4.807
513390,2025-12-26,2025-12-29,2.0219,2.0116,0.99490578,,-0.789,-7.041,-42.559,-48.785,-4.626
513390,2025-12-29,2025-12-30,2.0116,2.0071,0.99776297,,-0.101,10.855,21.657,32.636,2.317
513390,2025-12-30,2025-12-31,2.0071,1.9887,0.99083254,,0.325,0.047,-58.680,-58.956,-8.205
513390,2025-12-31,2026-01-05,1.9887,1.9989,1.00512898,,-0.395,-0.531,161.914,161.776,-8.647
513390,2026-01-05,2026-01-06,1.9989,2.016,1.00855471,,-0.109,-10.218,16.192,6.067,-8.225
513390,2026-01-06,2026-01-07,2.016,2.0174,1.00069444,,-0.586,-0.015,-88.074,-87.509,1.409
513390,2026-01-07,2026-01-08,2.0174,2.0061,0.99439873,,-0.207,11.058,-62.929,-51.734,1.218
513390,2026-01-08,2026-01-09,2.0061,2.0245,1.00917203,,0.046,-6.933,159.787,152.696,-9.783
513390,2026-01-09,2026-01-12,2.0245,2.0255,1.00049395,,-0.511,-2.650,-92.866,-94.985,-3.363
513390,2026-01-12,2026-01-13,2.0255,2.0217,0.99812392,,-0.324,-3.461,-26.332,-29.462,-1.037
513390,2026-01-13,2026-01-14,2.0217,2.0006,0.98956324,,0.460,10.880,-89.199,-78.873,2.885
513390,2026-01-14,2026-01-15,2.0006,2.0053,1.00234930,,-0.357,-10.339,140.230,130.107,-8.343
513390,2026-01-15,2026-01-16,2.0053,2.0043,0.99950132,,-0.008,5.845,-38.722,-32.892,1.990
513390,2026-01-16,2026-01-19,2.0043,2.0034,0.99955097,,-0.638,1.935,-0.638,1.935,-4.490
513390,2026-01-19,2026-01-20,2.0034,1.9587,0.97768793,,-4.753,-12.315,-210.007,-217.414,-11.174
513390,2026-01-20,2026-01-21,1.9587,1.9857,1.01378465,,1.003,1.432,356.435,356.879,2.146
513390,2026-01-21,2026-01-22,1.9857,2.0008,1.00760437,,-0.392,13.193,-59.539,-46.035,0.322
513390,2026-01-22,2026-01-23,2.0008,2.005,1.00209916,,-0.250,-0.807,-41.516,-42.070,-13.104
513390,2026-01-23,2026-01-26,2.005,2.0109,1.00294264,,-0.300,-14.742,7.610,-6.844,-12.598
513390,2026-01-26,2026-01-27,2.0109,2.029,1.00900094,,-0.254,16.663,45.574,62.568,1.894
513390,2026-01-27,2026-01-28,2.029,2.0325,1.00172499,,0.025,-17.009,-55.568,-72.507,-14.720
513390,2026-01-28,2026-01-29,2.0325,2.0221,0.99488315,,-0.232,15.411,-85.194,-69.683,2.061
513390,2026-01-29,2026-01-30,2.0221,1.9937,0.98595520,,0.952,-14.815,-74.466,-90.114,-12.378
513390,2026-01-30,2026-02-02,1.9937,2.0086,1.00747354,,-0.595,14.345,203.111,218.356,1.844
513390,2026-02-02,2026-02-03,2.0086,1.9749,0.98322214,,-0.086,-1.797,-226.715,-228.387,-12.569
513390,2026-02-03,2026-02-04,1.9749,1.9381,0.98136615,,0.822,-15.267,-20.670,-36.724,-9.954
513390,2026-02-04,2026-02-05,1.9381,1.9124,0.98673959,,-0.237,2.209,39.404,41.860,5.085
513390,2026-02-05,2026-02-06,1.9124,1.9538,1.02164819,,-1.138,11.375,356.065,369.025,1.737
513390,2026-02-06,2026-02-09,1.9538,1.9669,1.00670488,,0.035,-0.244,-135.058,-135.333,-9.593
513390,2026-02-09,2026-02-10,1.9669,1.9541,0.99349230,,-0.177,-6.649,-131.487,-137.873,-9.526
513390,2026-02-10,2026-02-11,1.9541,1.9592,1.00260990,,-0.311,-5.925,85.063,79.401,-3.190
513390,2026-02-11,2026-02-12,1.9592,1.9198,0.97988975,,0.037,11.277,-232.401,-221.421,2.773
513390,2026-02-12,2026-02-13,1.9198,1.9218,1.00104178,,0.651,-10.147,227.382,216.339,-7.844
513390,2026-02-13,2026-02-24,1.9218,1.9412,1.01009470,,-0.160,15.565,89.901,105.767,2.146
513390,2026-02-24,2026-02-25,1.9412,1.9658,1.01267257,,-0.609,-0.591,31.467,31.485,-14.006
513390,2026-02-25,2026-02-26,1.9658,1.9403,0.98702818,,-0.123,-13.539,-253.811,-266.886,-13.539
513390,2026-02-26,2026-02-27,1.9403,1.9348,0.99716539,,1.349,0.193,89.026,87.861,1.349
513390,2026-02-27,2026-03-02,1.9348,1.9374,1.00134381,,-0.763,21.816,42.097,64.772,0.393
513390,2026-03-02,2026-03-03,1.9374,1.9123,0.98704449,,0.637,-25.938,-121.297,-147.548,-20.741
513390,2026-03-03,2026-03-04,1.9123,1.942,1.01553104,,-1.094,21.078,261.918,284.673,4.116
513390,2026-03-04,2026-03-05,1.942,1.933,0.99536560,,-0.270,-19.799,-177.911,-197.093,-17.196
513390,2026-03-05,2026-03-06,1.933,1.9047,0.98535954,,1.891,-14.740,-120.126,-136.554,4.500
513390,2026-03-06,2026-03-09,1.9047,1.9335,1.01512049,,0.107,44.938,286.846,332.964,19.375
513390,2026-03-09,2026-03-10,1.9335,1.9277,0.99700026,,-0.242,-16.283,-134.367,-150.193,-25.691
513390,2026-03-10,2026-03-11,1.9277,1.9265,0.99937750,,-0.221,-15.728,7.522,-7.998,-9.644
513390,2026-03-11,2026-03-12,1.9265,1.8944,0.98333766,,0.205,-0.661,-175.974,-176.825,6.299
513390,2026-03-12,2026-03-13,1.8944,1.8841,0.99456292,,1.020,0.735,113.486,113.198,7.981
513390,2026-03-13,2026-03-16,1.8841,1.9066,1.01194204,,-0.534,20.641,175.489,197.038,6.711
513390,2026-03-16,2026-03-17,1.9066,1.9135,1.00361901,,-0.567,-6.933,-61.777,-68.103,-14.468
513390,2026-03-17,2026-03-18,1.9135,1.8846,0.98489679,,-0.212,-17.313,-193.350,-210.122,-7.752
513390,2026-03-18,2026-03-19,1.8846,1.8812,0.99819590,,0.992,21.758,117.484,138.492,10.571
513390,2026-03-19,2026-03-20,1.8812,1.8442,0.98033170,,2.003,-29.856,-157.596,-188.947,-9.163
513390,2026-03-20,2026-03-23,1.8442,1.8705,1.01426093,,0.068,35.068,315.210,351.313,20.824
513390,2026-03-23,2026-03-24,1.8705,1.8534,0.99085806,,-0.384,-9.941,-196.479,-205.849,-14.578
513390,2026-03-24,2026-03-25,1.8534,1.8649,1.00620481,,-0.159,-25.788,144.788,118.788,-4.800
513390,2026-03-25,2026-03-26,1.8649,1.8243,0.97822940,,0.134,8.856,-303.100,-294.642,21.176
513390,2026-03-26,2026-03-27,1.8243,1.7914,0.98196569,,0.160,0.609,47.084,47.535,12.469
513390,2026-03-27,2026-03-30,1.7914,1.7795,0.99335715,,-0.653,15.402,116.623,132.866,11.206
513390,2026-03-30,2026-03-31,1.7795,1.8396,1.03377353,,-0.694,19.589,422.895,444.038,-4.883
513390,2026-03-31,2026-04-01,1.8396,1.8568,1.00934986,,0.348,-3.076,-217.132,-220.482,-24.077
513390,2026-04-01,2026-04-02,1.8568,1.855,0.99903059,,0.703,-27.400,-105.282,-133.087,-20.305
513390,2026-04-02,2026-04-03,1.855,1.8563,1.00070081,,-0.106,17.908,-0.106,17.908,7.008
513390,2026-04-03,2026-04-07,1.8563,1.8662,1.00533319,,-0.938,13.488,-7.347,7.069,-11.817
513390,2026-04-07,2026-04-08,1.8662,1.9153,1.02631015,,-0.443,-21.208,284.767,263.409,-25.712
513390,2026-04-08,2026-04-09,1.9153,1.9281,1.00668303,,-0.467,-5.708,-212.042,-217.173,-4.980
513390,2026-04-09,2026-04-10,1.9281,1.9308,1.00140034,,-0.381,-0.089,-58.154,-57.865,0.348
513390,2026-04-10,2026-04-13,1.9308,1.9513,1.01061736,,-0.717,9.050,91.951,101.809,-0.280
513390,2026-04-13,2026-04-14,1.9513,1.9846,1.01706555,,-0.389,-8.108,72.912,65.137,-9.710
513390,2026-04-14,2026-04-15,1.9846,2.012,1.01380631,,-0.609,-7.166,-40.127,-46.659,-2.212
513390,2026-04-15,2026-04-16,2.012,2.0228,1.00536779,,-0.309,3.774,-90.343,-86.297,4.648
513390,2026-04-16,2026-04-17,2.0228,2.049,1.01295234,,-0.258,-3.171,79.243,76.306,0.616
513390,2026-04-17,2026-04-20,2.049,2.0434,0.99726696,,-0.331,11.332,-157.970,-146.490,3.457
513390,2026-04-20,2026-04-21,2.0434,2.0333,0.99505726,,0.102,-13.733,-10.850,-24.670,-7.764
513390,2026-04-21,2026-04-22,2.0333,2.0696,1.01785275,,-0.434,3.357,215.039,218.912,5.543
513390,2026-04-22,2026-04-23,2.0696,2.0581,0.99444337,,-0.330,-1.640,-226.708,-227.989,1.856
513390,2026-04-23,2026-04-24,2.0581,2.0988,1.01977552,,-0.350,17.003,253.055,270.848,3.146
513390,2026-04-24,2026-04-27,2.0988,2.096,0.99866590,,-0.243,-15.532,-190.351,-205.350,-14.076
513390,2026-04-27,2026-04-28,2.096,2.075,0.98998092,,-0.314,-1.626,-102.363,-103.661,1.144
513390,2026-04-28,2026-04-29,2.075,2.0877,1.00612048,,-0.030,-0.175,161.377,161.230,2.740
513390,2026-04-29,2026-04-30,2.0877,2.1086,1.01001102,,-0.351,12.193,38.493,51.086,2.564
513390,2026-04-30,2026-05-06,2.1086,2.1945,1.04073793,,-0.421,0.902,109.480,110.818,-10.038
513390,2026-05-06,2026-05-07,2.1945,2.1894,0.99767601,,0.001,-13.126,-216.303,-229.145,-10.938
513390,2026-05-07,2026-05-08,2.1894,2.2413,1.02370512,,-0.113,7.190,247.429,254.913,2.077
513390,2026-05-08,2026-05-11,2.2413,2.2468,1.00245393,,0.359,1.238,-200.550,-199.688,-4.751
513390,2026-05-11,2026-05-12,2.2468,2.2258,0.99065337,,-0.270,-6.988,-116.493,-123.133,-6.258
513390,2026-05-12,2026-05-13,2.2258,2.2492,1.01051307,,0.434,5.551,193.342,198.558,1.165
513390,2026-05-13,2026-05-14,2.2492,2.2645,1.00680242,,-0.212,-6.641,-31.190,-37.599,-4.596
513390,2026-05-14,2026-05-15,2.2645,2.2304,0.98494149,,1.271,0.395,-223.629,-224.486,3.318
513390,2026-05-15,2026-05-18,2.2304,2.2215,0.99600968,,2.115,13.819,112.773,124.606,5.039
513390,2026-05-18,2026-05-19,2.2215,2.2061,0.99306775,,-0.069,-12.050,-15.759,-27.721,-8.837
513390,2026-05-19,2026-05-20,2.2061,2.2437,1.01704365,,0.987,11.230,229.091,239.569,4.205
513390,2026-05-20,2026-05-21,2.2437,2.2462,1.00111423,,-2.155,-12.679,-145.570,-155.943,-9.172
513390,2026-05-21,2026-05-22,2.2462,2.2566,1.00463004,,0.408,11.973,22.396,33.987,3.920
513390,2026-05-22,2026-05-25,2.2566,2.2547,0.99915803,,-0.376,-4.030,-0.376,-4.030,-8.420
513390,2026-05-25,2026-05-26,2.2547,2.2936,1.01725285,,0.712,-4.118,134.065,129.170,-3.679
513390,2026-05-26,2026-05-27,2.2936,2.2916,0.99912801,,0.091,8.004,-182.219,-174.450,0.530
513390,2026-05-27,2026-05-28,2.2916,2.3094,1.00776750,,1.679,3.592,94.544,96.474,-5.790
513390,2026-05-28,2026-05-29,2.3094,2.3156,1.00268468,,0.099,-7.961,-46.863,-54.885,-9.280
513390,2026-05-29,2026-06-01,2.3156,2.3287,1.00565728,,-1.655,-5.907,21.662,17.400,-2.975
513390,2026-06-01,2026-06-02,2.3287,2.3406,1.00511015,,0.063,3.438,-11.344,-7.974,2.997
513390,2026-06-02,2026-06-03,2.3406,2.3336,0.99700931,,-0.324,-3.550,-77.187,-80.387,-0.764
513390,2026-06-03,2026-06-04,2.3336,2.3222,0.99511484,,1.845,11.384,-22.545,-13.028,4.632
513390,2026-06-04,2026-06-05,2.3222,2.2102,0.95176987,,1.095,-11.659,-424.689,-436.900,-5.651
513390,2026-06-05,2026-06-08,2.2102,2.2463,1.01633336,,-0.469,13.035,665.902,680.305,5.547
513390,2026-06-08,2026-06-09,2.2463,2.2194,0.98802475,,-0.252,-5.237,-265.865,-270.717,-7.730
513390,2026-06-09,2026-06-10,2.2194,2.1749,0.97994954,,0.149,-5.280,-86.925,-92.306,-2.346
513390,2026-06-10,2026-06-11,2.1749,2.247,1.03315095,,-0.586,8.371,537.333,546.771,2.349
513390,2026-06-11,2026-06-12,2.247,2.2601,1.00583000,,-0.091,-3.025,-256.294,-259.152,-6.107
513390,2026-06-12,2026-06-15,2.2601,2.3286,1.03030839,,-0.110,-6.128,240.267,234.103,-3.193
513390,2026-06-15,2026-06-16,2.3286,2.2854,0.98144808,,0.113,4.813,-480.068,-475.593,3.050
513390,2026-06-16,2026-06-17,2.2854,2.2618,0.98967358,,-2.378,-9.128,88.663,81.852,-4.140
513390,2026-06-17,2026-06-18,2.2618,2.3189,1.02524538,,-0.449,1.607,349.973,352.102,4.543
513390,2026-06-18,2026-06-22,2.3189,2.3142,0.99797318,,-3.764,-3.910,-264.442,-264.584,-0.830
513390,2026-06-22,2026-06-23,2.3142,2.2387,0.96737533,,0.240,-0.199,-310.390,-310.815,3.321
513390,2026-06-23,2026-06-24,2.2387,2.2297,0.99597981,,-0.362,1.105,295.486,296.997,3.158
513390,2026-06-24,2026-06-25,2.2297,2.2469,1.00771404,,-0.305,8.057,118.934,127.396,1.748
513390,2026-06-25,2026-06-26,2.2469,2.2208,0.98838400,,-0.530,-8.153,-183.919,-191.402,-6.834
513390,2026-06-26,2026-06-29,2.2208,2.2711,1.02264950,,-0.312,10.700,338.246,349.631,1.009
513390,2026-06-29,2026-06-30,2.2711,2.3069,1.01576329,,-0.973,-4.489,-56.709,-60.206,-10.653
513390,2026-06-30,2026-07-01,2.3069,2.2702,0.98409120,,1.323,-7.927,-316.155,-325.111,-4.844
513390,2026-07-01,2026-07-02,2.2702,2.2342,0.98414237,,-0.624,8.488,-7.408,1.698,2.461
513390,2026-07-02,2026-07-03,2.2342,2.2328,0.99937338,,-0.245,-9.056,-0.245,-9.056,-6.266
513390,2026-07-03,2026-07-06,2.2328,2.2615,1.01285382,,0.013,4.569,291.400,296.089,2.806
513390,2026-07-06,2026-07-07,2.2615,2.2226,0.98279903,,6.569,1.425,-292.300,-297.290,4.805
513390,2026-07-07,2026-07-08,2.2226,2.2293,1.00301449,,-0.507,8.900,207.147,216.750,2.872
513390,2026-07-08,2026-07-09,2.2293,2.264,1.01556542,,-0.440,0.446,134.144,135.042,-6.463
513390,2026-07-09,2026-07-10,2.264,2.2699,1.00260601,,0.021,-4.388,-127.168,-131.521,-6.887
513390,2026-07-10,2026-07-13,2.2699,2.2265,0.98088021,,-0.657,-5.804,-220.986,-226.019,-3.157
513390,2026-07-13,2026-07-14,2.2265,2.2516,1.01127330,,-0.041,14.390,303.871,318.742,2.607
513390,2026-07-14,2026-07-15,2.2516,2.2425,0.99595843,,-0.397,-12.016,-137.269,-148.729,-12.163
513390,2026-07-15,2026-07-16,2.2425,2.2063,0.98385730,,0.347,-3.481,-133.373,-137.149,0.199
513390,2026-07-16,2026-07-17,2.2063,2.1741,0.98540543,,-0.362,1.258,12.249,13.871,3.320
513390,2026-07-17,2026-07-20,2.1741,2.1753,1.00055195,,-0.588,6.038,154.986,161.715,1.472
513390,2026-07-20,2026-07-21,2.1753,2.216,1.01871006,,-0.845,-7.761,187.628,180.582,-5.407
513390,2026-07-21,2026-07-22,2.216,2.2046,0.99485560,,0.091,6.423,-241.742,-235.563,2.446
513390,2026-07-22,2026-07-23,2.2046,2.1625,0.98090357,,0.295,-8.535,-133.908,-142.620,-3.680
513390,2026-07-23,2026-07-24,2.1625,2.1387,0.98899422,,-0.130,8.854,73.876,82.927,4.729
513390,2026-07-24,2026-07-27,2.1387,2.1309,0.99635292,,-0.678,-7.301,83.326,76.648,-4.799
513390,2026-07-27,2026-07-28,2.1309,2.1105,0.99042658,,0.252,7.027,-66.737,-60.007,2.755
513390,2026-07-28,2026-07-29,2.1105,2.0663,0.97905710,,0.364,-2.875,-107.847,-111.051,-3.906
513390,2026-07-29,2026-07-30,2.0663,2.1354,1.03344142,,-0.638,-1.963,552.442,551.043,-1.669
513390,2026-07-30,2026-07-31,2.1354,2.1482,1.00599419,,-0.070,-0.365,-267.502,-267.788,0.225
513390,2026-07-31,2026-08-03,2.1482,2.1864,1.01778233,,-0.530,-2.738,116.810,114.576,0.059
513390,2026-08-03,2026-08-04,2.1864,2.2596,1.03347969,,-0.418,6.506,151.451,158.479,2.381
513390,2026-08-04,2026-08-05,2.2596,2.24,0.99132590,,-0.129,-5.135,-401.642,-406.447,-4.252
513390,2026-08-05,2026-08-06,2.24,2.2315,0.99620536,,-0.011,-0.452,44.061,43.617,0.873
513390,2026-08-06,2026-08-07,2.2315,2.2582,1.01196505,,-0.490,3.782,157.738,162.077,0.835
513390,2026-08-07,2026-08-10,2.2582,2.25,0.99636879,,0.438,-4.863,-150.395,-155.616,-2.508
513390,2026-08-10,2026-08-11,2.25,2.2431,0.99693333,,-0.501,4.508,0.800,5.810,1.856
513390,2026-08-11,2026-08-12,2.2431,2.259,1.00708840,,0.018,-3.517,106.417,102.845,-2.633
513390,2026-08-12,2026-08-13,2.259,2.285,1.01150952,,-0.743,1.614,40.368,42.735,0.141
513390,2026-08-13,2026-08-14,2.285,2.2818,0.99859956,,0.218,-0.519,-126.037,-126.765,-1.255
513390,2026-08-14,2026-08-17,2.2818,2.2778,0.99824700,,0.100,-5.349,-4.049,-9.496,-0.637
513390,2026-08-17,2026-08-18,2.2778,2.2405,0.98362455,,-0.228,12.006,-151.752,-139.703,4.487
513390,2026-08-18,2026-08-19,2.2405,2.2338,0.99700960,,-0.391,-1.123,148.249,147.506,-7.901
513390,2026-08-19,2026-08-20,2.2338,2.2164,0.99221058,,1.183,-6.924,-49.251,-57.317,-5.597
513390,2026-08-20,2026-08-21,2.2164,2.2241,1.00347410,,0.648,-1.563,106.517,104.283,1.975
513390,2026-08-21,2026-08-24,2.2241,2.2032,0.99060294,,-0.003,1.914,-129.809,-127.917,3.536
513390,2026-08-24,2026-08-25,2.2032,2.2175,1.00649056,,-0.825,4.188,162.328,167.423,0.797
513390,2026-08-25,2026-08-26,2.2175,2.2179,1.00018038,,-0.039,-5.050,-58.533,-63.515,-3.429
513390,2026-08-26,2026-08-27,2.2179,2.2496,1.01429280,,-1.399,4.499,135.978,141.957,0.223
513390,2026-08-27,2026-08-28,2.2496,2.233,0.99262091,,0.674,-6.106,-209.262,-215.900,-3.601
513390,2026-08-28,2026-08-31,2.233,2.2352,1.00098522,,-0.654,4.656,78.107,83.459,1.853
513390,2026-08-31,2026-09-01,2.2352,2.206,0.98693629,,1.059,-4.691,-135.761,-141.432,-1.743
513390,2026-09-01,2026-09-02,2.206,2.2116,1.00253853,,-0.306,5.889,153.323,159.613,2.643
513390,2026-09-02,2026-09-03,2.2116,2.2365,1.01125882,,-0.444,-0.738,92.922,92.625,-3.687
513390,2026-09-03,2026-09-04,2.2365,2.241,1.00201207,,2.097,-2.033,-92.169,-96.260,-0.853
513390,2026-09-04,2026-09-07,2.241,2.2411,1.00004462,,-0.734,-0.881,-0.734,-0.881,0.446
513390,2026-09-07,2026-09-08,2.2411,2.2387,0.99892910,,0.306,6.799,-32.941,-26.470,1.634
513390,2026-09-08,2026-09-09,2.2387,2.2309,0.99651584,,-0.501,-5.220,-17.376,-22.087,-5.662
513390,2026-09-09,2026-09-10,2.2309,2.2069,0.98924201,,0.966,3.919,-78.174,-75.245,0.523
513390,2026-09-10,2026-09-11,2.2069,2.2262,1.00874530,,-0.151,3.100,201.150,204.466,-3.545
